id,name,address,symbol,url,description,chain,logo,audits,audit_note,gecko_id,cmcId,category,chains,module,twitter,forkedFrom,oracles,listedAt,methodology,slug,tvl,chainTvls,change_1h,change_1d,change_7d,tokenBreakdowns,mcap,referralUrl,treasury,audit_links,openSource,governanceID,github,hallmarks,parentProtocol,wrongLiquidity,staking,assetToken,oraclesByChain,pool2,stablecoins,misrepresentedTokens,language,tokensExcludedFromParent,deadUrl,deadFrom,rugged
2308,Jito,solana:jtojtomepa8beP8AuQc6eXt5FriJwfFMwQx2v2f9mCL,JTO,https://jito.network,MEV-Boosted Staking Rewards,Solana,https://icons.llama.fi/jito.png,2,,jito-governance-token,,Liquid Staking,['Solana'],jito/index.js,jito_sol,['SPL Stake Pool'],[],1669265429.0,Uses the SPL Stake Pool SDK to fetch the total supply of deposited SOL into the Jito Stake Pool,jito,2990029423.034485,{'Solana': 2990029423.034485},1.3222528368754212,-1.3231175934852928,11.512865303266139,{},355165894.7478227,,,"['https://spl.solana.com/stake-pool#security-audits', 'https://2926710696-files.gitbook.io/~/files/v0/b/gitbook-x-prod.appspot.com/o/spaces%2Ffrb9MGTK6eZJlEQJyylq%2Fuploads%2F1jfEDpGcd5YlnHusbKYO%2FNeodymeJito.pdf']",,,['jito-foundation'],,,,,,,,,,,,,,
214,Raydium,solana:4k3Dyjzvzp8eMZWUXbBCjEvwSkkk59S5iCNLY3QrkX6R,RAY,https://raydium.io,An on-chain order book AMM powering the evolution of DeFi.,Solana,https://icons.llama.fi/raydium.jpg,0,,raydium,8526,Dexes,['Solana'],raydium/api.js,RaydiumProtocol,,,,,raydium,1940466339.791688,"{'Solana-staking': 196087961.92362836, 'Solana': 1940466339.791688, 'staking': 196087961.92362836}",-0.9738088012282873,0.6080375153351838,29.288675659395977,{},1221960963.3201797,,,,False,,,,,,196087961.92362836,,,,,,,,,,
3770,Kamino Lend,solana:KMNo3nJsBXfcpJTVhZcXLW7RmTwTt4GVFE7suUBo9sS,KMNO,https://kamino.finance/,Kamino Lend (K-Lend) is a novel peer-to-pool borrowing primitive designed as foundational infrastructure to power complex financial products with leverage and automation and as a decentralized matchmaker between borrowers and lenders,Solana,https://icons.llama.fi/kamino.jpg,2,,,,Lending,['Solana'],kamino-lending/index.js,KaminoFinance,[],"['Scope', 'Pyth', 'Switchboard']",1699615528.0,"TVL consists of deposits made to the protocol, borrowed tokens and kTokens are not counted.",kamino-lend,1880469203.1414938,{'Solana': 1880469203.1414938},-0.2530134255664649,-2.189633748253101,11.707526344763664,{},,,,['https://github.com/hubbleprotocol/kamino-audits'],,,,,parent#kamino-finance,,,,,,,,,,,,
4371,Sanctum Validator LSTs,,-,https://www.sanctum.so,A Sanctum validator LST is a type of LST for which stake pools were deployed with the SanctumSPL Program.,Solana,https://icons.llama.fi/sanctum-validator-lsts.jpg,0,,,,Liquid Staking,['Solana'],sanctum-validator-lsts/index.js,sanctumso,[],[],1711406065.0,Uses GPA to fetch the total supply of deposited SOL into the various Sanctum LSTs,sanctum-validator-lsts,1266610974.66301,{'Solana': 1266610974.66301},1.3136785745323039,-0.999622188409802,11.435011513740108,{},,,,,,,,,parent#sanctum,,,,,,,,,,,,
484,Marinade Liquid Staking,solana:MNDEFzGvMt87ueuHvVU9VcTqsAP5b3fTGPsHuuPA5ey,MNDE,https://marinade.finance,The easiest way to stake Solana - liquid staking,Solana,https://icons.llama.fi/marinade-finance.jpg,2,,,,Liquid Staking,['Solana'],marinade.js,MarinadeFinance,,,,"We sum the amount of SOL staked, SOL in reserve address: Du3Ysj1wKbxPKkuPPnvzQLQh8oMSVifs3jGZjJWXFmHN, SOL in the Liquidity pool: UefNb6z6yvArqe4cJHTXCqStRsKmWhGxnZzuHbikP5Q, and the emergency cooling down balance.",marinade-liquid-staking,1144114847.9560592,{'Solana': 1144114847.9560592},-1.9196802685791141,-1.485654666705173,5.758076370707371,{},,,,"['https://marinade.finance/Neodyme.pdf', 'https://marinade.finance/AckeeBlockchain.pdf', 'https://marinade.finance/KudelskiSecurity.pdf']",,,,"[[1667865600, 'FTX collapse']]",parent#marinade-finance,,,,,,,,,,,,
4077,Jupiter Perpetual Exchange,solana:JUPyiwrYJFskUPiHa7hkeR8VUtAeFoSYbKedZNsDvCN,JUP,https://jup.ag/perps,Jupiter Perpetual Exchange is a LP-to-trader perpetual exchange based on oracle prices.,Solana,https://icons.llama.fi/jupiter-perpetual-exchange.jpg,0,,,,Derivatives,['Solana'],jupiter-perpetual.js,JupiterExchange,[],['Edge'],1706560048.0,Calculate sum across all program token accounts,jupiter-perpetual-exchange,1097793635.572085,{'Solana': 1097793635.572085},-1.1505522449170087,-3.1237293199036458,10.45756936885995,{},,,,,,,,"[[1706490000, 'launch jup exchange']]",parent#jupiter,,,,,,,,,,,,
4996,Jupiter Staked SOL,solana:JUPyiwrYJFskUPiHa7hkeR8VUtAeFoSYbKedZNsDvCN,JUP,https://jup.ag/swap/SOL-JupSOL,Liquid staking on Solana,Solana,https://icons.llama.fi/jupiter-staked-sol.jpg,0,,,,Liquid Staking,['Solana'],jupSOL/index.js,JupiterExchange,[],[],1723799951.0,,jupiter-staked-sol,838158435.4656073,{'Solana': 838158435.4656073},-1.9198532685102663,-2.6488546548339684,11.685862168579277,{},,,,[],,,,,parent#jupiter,,,JUPSOL,,,,,,,,,
970,Drift Trade,solana:DriFtupJYLTosbwoN8koMbEYSx54aFAVLddWsbksjwg7,DRIFT,https://www.drift.trade,"Drift brings on-chain, cross-margined perpetual futures to Solana. Making futures DEXs the best way to trade.",Solana,https://icons.llama.fi/drift-trade.jpg,2,,,,Derivatives,['Solana'],drift.js,DriftProtocol,,['Pyth'],1638568951.0,Calculate sum across all program token accounts,drift-trade,591534733.9764484,{'Solana': 591534733.9764484},-0.7801726472522716,-1.7616459121490209,17.31378535366126,{},,,,['https://github.com/Zellic/publications/blob/master/Drift%20Protocol%20Audit%20Report.pdf'],,,,,parent#drift,,,,,,,,,,,,
3672,Marinade Native,solana:MNDEFzGvMt87ueuHvVU9VcTqsAP5b3fTGPsHuuPA5ey,MNDE,https://marinade.finance/app/,"Marinade Native is a fee-free, smart contract-independent staking alternative on Solana that allows users to maintain custody of their SOL",Solana,https://icons.llama.fi/marinade-finance.jpg,0,,,,Staking Pool,['Solana'],marinade-native/index.js,MarinadeFinance,[],[],1697846552.0,,marinade-native,565704166.6548318,{'Solana': 565704166.6548318},-1.7436698714881658,-2.0923288996302745,6.3601780740415705,{},,,,,,,,,parent#marinade-finance,,,,,,,,,,,,
5135,Binance Staked SOL,,-,https://www.binance.com/en/solana-staking,Stake SOL and get BNSOL as the tokenized representation on your staked SOL,Solana,https://icons.llama.fi/binance-staked-sol.png,2,,,,Liquid Staking,['Solana'],bnsol/index.js,binance,[],[],1726110072.0,,binance-staked-sol,552333065.1614418,{'Solana': 552333065.1614418},-1.1138029472665352,-2.486794067234783,15.933465221851833,{},,,,"['https://github.com/solana-labs/security-audits/blob/master/spl/NeodymeStakePoolAudit-2023-11-14.pdf', 'https://github.com/solana-labs/security-audits/blob/master/spl/HalbornStakePoolAudit-2023-12-31.pdf']",,,,,,,,BNSOL,,,,,,,,,
2570,marginfi Lending,,-,https://app.marginfi.com,Connecting liquidity across DeFi.,Solana,https://icons.llama.fi/marginfi.jpg,0,,,,Lending,['Solana'],marginfi/index.js,marginfi,[],['Pyth'],1677103747.0,,marginfi-lending,435295794.3650391,{'Solana': 435295794.3650391},-0.5927034324093654,-2.7819376157193005,14.741492936088548,{},,,,,,,,,parent#marginfi,,,,,,,,,{'Solana': ['LST']},,,
2931,BlazeStake,solana:BLZEEuZUBVqFhj8adcCFPJvPVCiCyVmh3hkJMrU8KuJA,BLZE,https://stake.solblaze.org/,"BlazeStake is an innovative liquid staking protocol designed to support the Solana ecosystem. Delegators can choose to stake their SOL either through the standard delegation pool (which balances stake across hundreds of validators to support decentralization) or to any validators of their choice, all while receiving the liquid staking benefits of bSOL (access to instant unstake liquidity, increased staking yields through DeFi, Solana ecosystem token airdrops, and more).",Solana,https://icons.llama.fi/blazestake.jpg,2,,solblaze,25178,Liquid Staking,['Solana'],blazestake/index.js,solblaze_org,[],[],1683194920.0,,blazestake,325348900.5524031,{'Solana': 325348900.5524031},-1.9197925600818309,-2.3461202640542638,4.7598685773020435,{},0.0,,,['https://stake-docs.solblaze.org/protocol/audits'],,,,,,,,bSOL,,,,,,,,,
4802,Solayer SOL,,-,https://solayer.org,"sSOL is the universal liquidity layer for delegates [dApps] and LRTs on Solayer. Every unit of SOL can be perceived as a unit of blockspace lent towards dApps, securing network bandwidth and TPS.",Solana,https://icons.llama.fi/solayer-sol.jpg,0,,,,Restaking,['Solana'],solayer-ssol/index.js,solayer_labs,[],[],1731623189.0,TVL is calculated by restaked native SOL in the Solayer staking pool,solayer-sol,260638704.80818394,{'Solana': 260638704.80818394},-1.9259122289459754,-23.422469631249697,-26.50475165144772,{},,,,['https://docs.solayer.org/security/audits'],,,,,parent#solayer,,,,,,,,,,,,
4802,Solayer USD,,-,https://solayer.org,Solayer USD (sUSD) is the yield-bearing stablecoin on Solana,Solana,https://icons.llama.fi/solayer-usd.jpg,0,,,,RWA,['Solana'],solayer-susd/index.js,solayer_labs,[],[],1731623194.0,sUSD TVL is calculated by summing all assets backing the stablecoin,solayer-usd,260638704.80818394,{'Solana': 260638704.80818394},-1.9259122289459754,-23.422469631249697,-26.50475165144772,{},,,,['https://docs.solayer.org/security/audits'],,,,,parent#solayer,,,,,,,,,,,,
4368,Sanctum Infinity,,-,https://www.sanctum.so,Infinity is a multi-LST liquidity pool. It can support hundreds of different LSTs natively and enables frictionless exchanges between them.,Solana,https://icons.llama.fi/sanctum-infinity.jpg,0,,,,Dexes,['Solana'],sanctum-infinity/index.js,sanctumso,[],[],1711395350.0,TVL is calculated by calling the on-chain state of the Infinity pool,sanctum-infinity,216352127.9624702,{'Solana': 216352127.9624702},1.3125525253713022,-1.9003976399509952,-0.2921365014162802,{},,,,,,,,,parent#sanctum,,,,,,,,,,,,
4148,Meteora DLMM,,-,https://app.meteora.ag/dlmm,"Meteora's DLMM introduces a zero-slippage, bin-based concentrated liquidity AMM on Solana, enhancing LP profitability with dynamic fees and enabling precise liquidity strategies and shapes for deeper market liquidity",Solana,https://icons.llama.fi/meteora.png,0,,,,Dexes,['Solana'],meteora-dlmm/index.js,MeteoraAG,[],[],1708387360.0,,meteora-dlmm,170130013.47374114,{'Solana': 170130013.47374114},-0.08231878809577609,0.46942624857651083,14.810386669308272,{},,,,[],,,,,parent#meteora,,,,,,,,,,,,
2062,Kamino Liquidity,solana:KMNo3nJsBXfcpJTVhZcXLW7RmTwTt4GVFE7suUBo9sS,KMNO,https://kamino.finance/,"Solana's liquidity layer. Built on top of concentrated liquidity protocols, Kamino facilitates automated liquidity via quantitative models, depositing into optimized ranges, rebalancing positions, and auto-compounding of fees & rewards.",Solana,https://icons.llama.fi/kamino-liquidity.jpg,2,,,,Liquidity manager,['Solana'],kamino/index.js,KaminoFinance,[],['Pyth'],1662391548.0,,kamino-liquidity,166978350.7692962,{'Solana': 166978350.7692962},0.0,,28.85788559935486,{},,,,['https://smartstate.tech/reports/kamino-finance-report-27082022.html'],,,,,parent#kamino-finance,,,,,,,True,,,,,
2223,Meteora vaults,,-,https://vaults.mercurial.finance,"Meteora Dynamic Yield Layer allows any protocol, including wallets, treasuries, and Automated Market Makers (AMMs), to build on top of this layer to generate more returns for their Liquidity Providers (LPs). The liquidity of any protocol built on this yield infra can be dynamically allocated to various lending platforms.",Solana,https://icons.llama.fi/meteora.png,2,,,,Yield Aggregator,['Solana'],mercurical-vaults/index.js,MeteoraAG,[],[],1666698713.0,,meteora-vaults,138958265.8556827,{'Solana': 138958265.8556827},-0.8913235786038172,-1.0542608022186357,-1.2123876562301632,{},,,,"['https://drive.google.com/file/d/1CjdMl7LhJisnI1LTrAFt2Bvi5ahqq1yc/view', 'https://drive.google.com/file/d/1cJ2ZH23yj9uO1otR2pLDQ1MP3OJm84IW/view']",,,,,parent#meteora,,,,,,,,,,,,
5179,Bybit Staked SOL,,-,https://www.bybit.com/en/web3/staking/BybitSOL,Liquid Staking SOL,Solana,https://icons.llama.fi/bybit-staked-sol.jpg,0,,,,Liquid Staking,['Solana'],bybitSOL/index.js,Bybit_Web3,[],[],1727265656.0,,bybit-staked-sol,124364401.19497488,{'Solana': 124364401.19497488},-1.9196243175023255,-3.0763633757906064,1.8829815316694578,{},,,,,,,,,,,,BBSOL,,,,,,,,,
385,Meteora pools,,-,https://mercurial.finance/,Meteora Pools is building the infrastructure for stable and pegged assets for Solana.,Solana,https://icons.llama.fi/meteora.png,0,,mercurial,9549,Dexes,['Solana'],mercurial.js,MeteoraAG,,,,To obtain the Mercurial TVL we make on-chain calls using the function getTokenBalance() that uses the address of the token and the address of the contract where the token is located. The addresses used are the 3pool addresses and the SOL 2pool address where the corresponding tokens were deposited and these addresses are hard-coded. This returns the number of tokens held in each contract. We then use Coingecko to get the price of each token in USD to export the sum of all tokens.,meteora-pools,92585509.25144136,{'Solana': 92585509.25144136},-0.34439371744093705,-0.6051615149317797,0.00020770242386447535,{},70094.48989942415,,,,False,,,,parent#meteora,,,,,,,,,,,,
3388,Sanctum Reserve,,-,https://www.sanctum.so,"The Reserve, also known as Sanctum Reserve Pool, is a pool of idle SOL that accepts staked SOL and gives SOL from its pool in return.",Solana,https://icons.llama.fi/sanctum-reserve.jpg,2,,,,Yield,['Solana'],sanctum/index.js,sanctumso,[],[],1692111232.0,"TVL is calculated by summing total incoming stake from stake accounts that were instant unstaked but not yet reclaimed, and the pool's SOL reserves.",sanctum-reserve,86056895.91217801,{'Solana': 86056895.91217801},1.3191958905734964,-1.5361421893175304,8.204875693793468,{},,,,['https://github.com/igneous-labs/sanctum-unstake-program/blob/master/audits/sec3-20230724.pdf'],,,,,parent#sanctum,,,,,,,,,,,,
4995,Helius Staked SOL,,-,https://www.helius.dev,Liquid staking on Solana,Solana,https://icons.llama.fi/helius-staked-sol.jpg,0,,,,Liquid Staking,['Solana'],helius-sol/index.js,heliuslabs,[],[],1723799416.0,,helius-staked-sol,79974089.39512612,{'Solana': 79974089.39512612},-1.919917382528297,-2.1632869781341526,3.4478393760338975,{},,,,[],,,,,,,,HSOL,,,,,,,,,
1173,JPool,,-,https://jpool.one,"JPool is a stake pool on the Solana blockchain network enabling safe, secure, high-yield rewards on your staked SOL.",Solana,https://icons.llama.fi/jpool.png,0,,,,Liquid Staking,['Solana'],jpool.js,JPoolSolana,,,1641070522.0,JSOL total supply as it's equal to the SOL staked,jpool,79555952.02464041,{'Solana': 79555952.02464041},-1.919917382528297,-2.1671383637916932,5.946890915359091,{},,,,,False,,,,,,,JSOL,,,,,,,,,
3570,marginfi LST,,-,https://app.marginfi.com/stake,"Liquid Staking solution on Solana to get exposure to SOL, $LST is built on mrgn's validator network and Jito's MEV rewards.",Solana,https://icons.llama.fi/marginfi.jpg,0,,,,Liquid Staking,['Solana'],marginfi-lst/index.js,marginfi,[],[],1695920989.0,,marginfi-lst,79084195.78473659,{'Solana': 79084195.78473659},1.316196948943201,-1.931043529022702,4.943627299423795,{},,,,,,,,,parent#marginfi,,,,,,,,,,,,
4751,The Vault,,-,https://thevault.finance,"vSOL is a stake pool that supports community-focused validators. Stake with us now to support the Solana native communities! At The Vault, we believe the Solana network will be the strongest if the network is secured by validators that have a large social stake in Solana. Most top validators by stake amount are not Solana focused entities, but instead represent the crypto industry in general. The Vault stake pool will strive to bring the financial stake in-line with the existing social stake of Solana-centric communities.",Solana,https://icons.llama.fi/the-vault.jpg,0,,,,Liquid Staking,['Solana'],thevault/index.js,thevaultfinance,[],[],1718102171.0,,the-vault,70306280.04890047,{'Solana': 70306280.04890047},-1.9297349857626926,-2.676748741072714,5.225103584406881,{},,,,,,,,,,,,vSOL,,,,,,,,,
5046,Drift Staked SOL,solana:DriFtupJYLTosbwoN8koMbEYSx54aFAVLddWsbksjwg7,DRIFT,https://app.drift.trade/overview,Liquid Staking token on Solana,Solana,https://icons.llama.fi/drift-staked-sol.jpg,0,,,,Liquid Staking,['Solana'],dSOL/index.js,DriftProtocol,[],[],1724680364.0,,drift-staked-sol,66391708.60219282,{'Solana': 66391708.60219282},-1.9038040192633616,-2.881470606515208,14.067349268811057,{},,,,,,,,,parent#drift,,,dSOL,,,,,,,,,
4129,Edgevana,,-,https://www.edgevana.com,"Liquid Staking solution on Solana, powered by Edgevana.",Solana,https://icons.llama.fi/edgevana.jpg,2,,,,Liquid Staking,['Solana'],edgevana/index.js,edgevana,[],[],1707924810.0,Uses the SPL Stake Pool SDK to fetch the total supply of deposited SOL into the Edgevana Stake Pool,edgevana,59059249.86683534,{'Solana': 59059249.86683534},1.3191855463148698,-1.5357647050479386,8.347835943027519,{},,,,['https://spl.solana.com/stake-pool#security-audits'],,,,,,,,edgeSOL,,,,,,,,,
4994,Bonk Staked SOL,,-,https://bonkcoin.com,Liquid staking on Solana,Solana,https://icons.llama.fi/bonk-staked-sol.jpg,0,,,,Liquid Staking,['Solana'],bonk-sol/index.js,bonk_inu,[],[],1723798801.0,,bonk-staked-sol,42767509.424204685,{'Solana': 42767509.424204685},-1.919917382528297,-6.376192719035089,-6.202050055274995,{},,,,[],,,,,,,,BONKSOL,,,,,,,,,
4266,Backpack,,-,https://backpack.exchange,Next-level crypto wallet and exchange. ,Solana,https://icons.llama.fi/backpack.jpg,0,,,,CEX,['Solana'],backpack/index.js,Backpack,[],[],,,backpack,39468945.816247,{'Solana': 39468945.816247},0.5533851893889192,-2.807274426187803,4.287002559772901,{},,,,,,,,,,,,,,,,,,,,,
5330,Bitget SOL,,-,https://www.bitget.com/price/solana/staking,"Earn daily profits without risking your principal! Your returns are based on on-chain staking, and if the on-chain ROI changes, the APR will adjust accordingly.",Solana,https://icons.llama.fi/bitget-sol.jpg,0,,,,Liquid Staking,['Solana'],bgsol/index.js,bitgetglobal,[],[],1731062934.0,Bitget Staked SOL (BGSOL) is a tokenized representation on your staked sSOL,bitget-sol,39068507.656195655,{'Solana': 39068507.656195655},-1.8001207524942089,-1.2597730274866166,,{},,,,,,,,,,,,BGSOL,,,,,,,,,
5002,Lulo,,-,https://lulo.fi/,"Lulo is a decentralized lending aggregator, which automatically optimizes users deposits by migrating their deposits to the lending pool with the best yield, while allowing for personalized risk settings",Solana,https://icons.llama.fi/lulo.png,2,,,,Yield Aggregator,['Solana'],lulo/index.js,uselulo,[],[],1723917455.0,Volume is calculated by summing the total USD value of deposited funds in Lulo across all tokens,lulo,38996374.49251218,{'Solana': 38996374.49251218},0.13267839420171867,0.5270990573820171,4.602975649899548,{},,,,['https://docs.lulo.fi/audits'],,,,,,,,,,,,,,,,,
2707,SPL Governance,,-,https://app.realms.today,SPL Governance is a program which provides core building blocks and primitives to create Decentralized Autonomous Organizations (DAOs) on the Solana blockchain. The program is DAO type and asset type agnostic and can be used to build any type of DAOs which can own and manage any type of assets,Solana,https://icons.llama.fi/spl-governance.png,0,,,,Governance Incentives,['Solana'],spl-governance/index.js,realms_daos,[],[],1679437797.0,"SOL token and stables held in the contracts are counted under tvl, gov tokens are counted under staking",spl-governance,33293199.915585928,"{'Solana': 33293199.915585928, 'Solana-staking': 659055032.7249905, 'staking': 659055032.7249905}",,,,{},,,,,,,,,,,659055032.7249905,,,,,,,,,,
419,Saber,solana:Saber2gLauYim4Mvftnrasomsv6NvAuncvMEZwcLpD1,SBR,https://saberdao.io/,"The Saber AMM offers advanced automated market-making pools on Solana, enabling efficient trading between pegged assets such as USDC, USDT, SOL, mSOL and bSOL.",Solana,https://icons.llama.fi/saber.jpg,0,,saber,11181,Dexes,['Solana'],saber.js,The_Saber_DAO,,,,,saber,25297004.134639356,{'Solana': 25297004.134639356},-1.116134619548859,-1.268838151088616,6.21381283288342,{},4879356.619893967,,,,,,['saberdao'],"[[1667865600, 'FTX collapse']]",,,,,,,,,,,,,
3950,Parcl V3,solana:4LLbsb5ReP3yEtYzmXewyGjcir5uXtKFURtaEUVC2AHs,PRCL,https://www.parcl.co,Parcl v3 is a perpetuals dex that offers real estate index markets for speculating or hedging,Solana,https://icons.llama.fi/parcl-v3.jpg,2,,,,Derivatives,['Solana'],parcl-v3/index.js,Parcl,[],['Pyth'],1703211654.0,,parcl-v3,25228315.316012908,{'Solana': 25228315.316012908},0.09160561872201356,-0.3390928831734499,-16.345532956045716,{},,,,['https://docs.parcl.co/security'],,,,,parent#parcl,,,,,,,,,,,,
862,Quarry,,-,https://quarry.so,Quarry is an open protocol for launching liquidity mining programs.,Solana,https://icons.llama.fi/quarry.png,0,,,,Yield,['Solana'],quarry/index.js,quarryprotocol,,,1637345891.0,TVL counts deposits made to Quarry Protocol. CoinGecko is used to find the price of tokens in USD.,quarry,22527531.49010253,{'Solana': 22527531.49010253},-0.5566492600910067,-0.8232725524268858,9.570798445178823,{},,,,,,,['QuarryProtocol'],"[[1665521360, 'Mango Markets Hack']]",,,,,,,,,,,,,
145,Serum,,SRM,https://projectserum.com/,Serum is a decentralized exchange (DEX) and ecosystem that brings unprecedented speed and low transaction costs to decentralized finance.,Solana,https://icons.llama.fi/serum.jpg,,,serum,6187,Dexes,['Solana'],serum.js,ProjectSerum,,,,,serum,21967260.851057082,{'Solana': 21967260.851057082},-0.7442885808721087,-0.8357669090707702,5.210557084722382,{},10963681.204926008,,,,,,"['project-serum', 'SerumTaxTime']","[[1667826000, 'FTX/Alameda collapse'], [1680310800, 'Move to onchain data']]",,,,,,,,,,,True,,
5338,SolanaHub Staked SOL,,-,https://www.solanahub.app/,"SolanaHub is your all-in-one solution, designed for everyday utility. We prioritize composability and safety and encourage exploration of the Solana ecosystem",Solana,https://icons.llama.fi/solanahub-staked-sol.jpg,2,,,,Liquid Staking,['Solana'],solanahub-sol/index.js,SolanaHubApp,[],[],1731263252.0,SolanaHub Staked SOL (hubSOL) is a tokenized representation on your staked SOL + stake rewards,solanahub-staked-sol,17297662.36437765,{'Solana': 17297662.36437765},-2.0444211025550203,-2.0144954479699066,,{},,,,['https://docs.solanahub.app/platform/audits'],,,,,,,,hubSOL,,,,,,,,,
4107,FlashTrade,,-,https://www.flash.trade/,Asset backed trading with zero price impact and on demand liquidity,Solana,https://icons.llama.fi/flashtrade.jpg,0,,,,Derivatives,['Solana'],flashtrade/index.js,FlashTrade_,[],['Pyth'],1707227945.0,tvl is the usd equivalent value of all the assets in our pools.,flashtrade,16199750.361914804,{'Solana': 16199750.361914804},-0.5198473163870005,-4.0218621490101185,-2.824570943522204,{},,,,,,,,,,,,,,,,,,,,,
358,Parrot Protocol,solana:PRT88RkA4Kg5z7pKnezeNH4mafTvtQdfFgpQTGRjz44,PRT,https://parrot.fi,Stablecoin,Solana,https://icons.llama.fi/parrot-protocol.jpg,1,,parrot-protocol,11935,CDP,['Solana'],parrot.js,gopartyparrot,,,,,parrot-protocol,14023786.848028898,"{'Solana-staking': 708067.3864320582, 'Solana': 14023786.848028898, 'staking': 708067.3864320582}",-1.0314764622186772,-1.8524606561645953,4.590084648498021,{},0.0,,parrot-protocol.js,['https://doc.parrot.fi/security/'],False,,,,,,708067.3864320582,,,,['parrot-usd'],,,,,,
3170,Phoenix,,-,https://phoenix.trade,"Phoenix is a decentralized limit order book on Solana that is fully on-chain, non-custodial, and crankless.",Solana,https://icons.llama.fi/phoenix.png,2,,,,Dexes,['Solana'],ellipisis-phoenix/index.js,PhoenixTrade,,[],1687942915.0,,phoenix,13906603.689860893,{'Solana': 13906603.689860893},-4.7279306066479165,-1.851719069035596,-19.358343872130817,{},,,,,,,['Ellipsis-Labs'],,,,,,,,,,,,,,
620,Francium,,-,https://francium.io,"Francium is a DeFi yield strategy Platform on Solana, providing leveraged/hedged farming, DeFi strategies & on-chain trading strategies. Francium also help users to build their own yield strategy through strategy dev toolbox. Granted by Solana & Serum.",Solana,https://icons.llama.fi/francium.png,2,,,,Yield,['Solana'],francium.js,Francium_Defi,,['Pyth'],,Value of total LP tokens locked + deposits that are not borrowed.,francium,13401626.856175335,{'Solana': 13401626.856175335},0.0,0.5792307344690215,2.3169078067050606,{},,,,['https://www.certik.org/projects/francium'],False,,,"[[1667865600, 'FTX collapse']]",,,,,,,,,,,,,
5353,Adrena Protocol,solana:AuQaustGiaqxRvj2gtCdrd22PBzTn8kM3kEPEkZCtuDw,ADX,https://app.adrena.xyz,Solana Perps DEX. 100x Leverage. 0% Slippage. 100% Rev Share. Open Source. Community Owned.,Solana,https://icons.llama.fi/adrena-protocol.jpg,2,,adrena,,Derivatives,['Solana'],adrena/index.js,AdrenaProtocol,[],[],1731508730.0,TVL counts tokens deposited in the Liquidity Pool.,adrena-protocol,12779319.49593406,"{'Solana-staking': 3393579.3258595555, 'Solana': 12779319.49593406, 'staking': 3393579.3258595555}",-0.9626763807780918,-0.8540277542356307,,{},3931692.41545979,,,['https://docs.adrena.xyz/technical-documentation/audits'],,,['AdrenaFoundation'],,,,3393579.3258595555,,,,,,,,,,
3174,Mango Markets V4 Perps,solana:MangoCzJ36AjZyKwVj3VnYU4GTonjfVEnJmvvWaxLac,MNGO,https://mango.markets,A magical new way to interact with DeFi. Groundbreaking safety features designed to keep your funds secure. The easiest way to margin trade any token pair. All powered by flashloans.,Solana,https://icons.llama.fi/mango-markets-v4-perps.png,2,,,,Derivatives,['Solana'],mango-markets-v4/index.js,mangomarkets,[],"['Pyth', 'Switchboard']",1688042613.0,,mango-markets-v4-perps,12442477.03187322,"{'Solana-borrowed': 5197101.026237757, 'Solana': 12442477.03187322, 'borrowed': 5197101.026237757}",-0.5136708169029447,-9.028869343860151,-27.976467925636157,{},,,,['https://docs.mango.markets/mango-markets/audits'],,,,,parent#mango-markets,True,,,,,,,,,,,
315,Tulip Protocol,solana:TuLipcqtGVXP9XR62wM8WWCm6a9vhLs7T1uoWBk6FDs,TULIP,https://tulip.garden/,The Efficient Solana Yield Aggregator,Solana,https://icons.llama.fi/tulip-protocol.png,0,,solfarm,10373,Yield,['Solana'],solfarm.js,TulipProtocol,,['Pyth'],,,tulip-protocol,12242473.721028514,{'Solana': 12242473.721028514},0.0,0.0,0.0,{},605895.8739344617,,,,False,,['sol-farm'],"[[1667865600, 'FTX collapse']]",,,,,,,,,,,,,
3053,FluxBeam,,-,https://fluxbeam.xyz,"Solana DEX, supporting innovation and Token-2022",Solana,https://icons.llama.fi/fluxbeam.jpg,0,,,,Dexes,['Solana'],fluxbeam-xyz/index.js,FluxBeamDEX,,[],1685612658.0,,fluxbeam,11546174.417083394,{'Solana': 11546174.417083394},,,,{},,,,,,,,,,,,,,,,,,,,,
5286,Fragmetric,,-,https://fragmetric.xyz,"Fragmetric is a native liquid restaking protocol on Solana that aims to improve the economic potential and security of the Solana ecosystem. Fragmetric succeeded in carrying out NCN reward distribution by utilizing Solana's token extension. Additionally, Fragmetric created useful solutions, such as the Normalized Token Program, for utilizing various LSTs in restaking platforms. The goal of Fragmetric is to create a safe, open, and incredibly effective restaking system that empowers users and supports the stability of the Solana restaking ecosystem.",Solana,https://icons.llama.fi/fragmetric.jpg,0,,,,Liquid Restaking,['Solana'],fragmetric/index.js,fragmetric,[],[],1730019630.0,TVL is calculated by summing all restaked assets.,fragmetric,10098214.60026587,{'Solana': 10098214.60026587},-1.3328090707980351,-2.454696133588584,7.549447202919339,{},,,,,,,,,,,,,,,,,,,,,
5294,Kyros,,-,https://kyros.fi,"Kyros is a liquid restaking protocol built on Jito (Re)staking, offering uncapped yield potential through its liquid restaking token, kySOL. As a yield-bearing asset on Solana, kySOL consolidates staking rewards, MEV rewards, and restaking rewards into a single token for optimized returns.",Solana,https://icons.llama.fi/kyros.jpg,0,,,,Liquid Staking,['Solana'],kyros/index.js,KyrosFi,[],[],1730219879.0,The TVL is calculated by summing all restaked assets.,kyros,9995814.621115161,{'Solana': 9995814.621115161},-1.5758961378296732,-2.5988261462653526,6.723453869945658,{},,,,,,,,,,,,,,,,,,,,,
1804,Zeta,,-,https://www.zeta.markets,Zeta Markets is the premier derivatives protocol on Solana.,Solana,https://icons.llama.fi/zeta.png,0,,,,Derivatives,['Solana'],zeta/index.js,ZetaMarkets,[],['Pyth'],1654452112.0,Fetches TVL from zeta's vaults and insurance fund,zeta,9614154.863933068,{'Solana': 9614154.863933068},0.09985045653708369,-0.3517922514875522,-0.13102417068769512,{},,,,,,,['zetamarkets'],,,,,,,,,,,,,,
4682,NX Finance,,-,https://nxfinance.io,NX Finance is the first Solana composable leverage protocol that integrates PointFI & yield aggregator.,Solana,https://icons.llama.fi/nx-finance.jpg,2,,,,Yield Aggregator,['Solana'],nxfinance/index.js,NX_Finance,[],['Pyth'],1716816483.0,Sum of assets deposited for lending and assets deposited as collateral for leveraging,nx-finance,9501105.668547625,{'Solana': 9501105.668547625},-0.4671210334731484,2.503150533045172,3.4783840136488777,{},,,,['https://1014032567-files.gitbook.io/~/files/v0/b/gitbook-x-prod.appspot.com/o/spaces%2FqWZZySI6X2fuVa7sc0Jn%2Fuploads%2FR1EKQQ3sseKzTPurwQot%2FSlowMist%20Audit%20Report%20-%20NX%20Finance.pdf?alt=media&token=7b7de8b2-65ee-4cda-89f8-d22b75556d5e'],,,,,,,,,,,,,,,,,
1356,Hubble,solana:HBB111SCo9jkCejsZfz8Ec8nH7T6THF8KEKSnvwT6XK6,HBB,https://hubbleprotocol.io,"Hubble's Phase 1 launches a Solana native crypto-backed stablecoin, USDH, that earns users a yield on their multi-asset collateral. Phases 2 and 3 will launch DeFi structured products and undercollateralized loans.",Solana,https://icons.llama.fi/hubble.jpg,2,,hubble,16643,CDP,['Solana'],hubble/index.js,HubbleProtocol,,['Pyth'],1643884771.0,,hubble,7133003.096348969,"{'Solana': 7133003.096348969, 'Solana-staking': 945406.5034166371, 'staking': 945406.5034166371}",-0.10443586035786723,-1.799886044499715,6.766740865622793,{},4432756.505152182,,,['https://hubble-markets.gitbook.io/hubble-protocol-official-docs/documentation/security-audits'],,,['hubbleprotocol'],,,,945406.5034166371,,,,['usdh'],,,,,,
5305,Synatra,,-,https://synatra.xyz,"Synatra is a synthetic staking protocol providing a UX that feels traditional to traditional receipt token staking. The value accrued is achieved using various on-chain strategies such as lending, basis farming, and other automation instead of conventional staking via validators.​​​​​​​​​​​​​​​​",Solana,https://icons.llama.fi/synatra.jpg,2,,,,Yield Aggregator,['Solana'],synatra/index.js,synatraxyz,[],['Switchboard'],1730369210.0,Tracks tvl via number of tokens currently minted for each pool.,synatra,7116365.715327997,{'Solana': 7116365.715327997},0.0,1.686056892112319,39.299070149169495,{},,,,['https://1674869739-files.gitbook.io/~/files/v0/b/gitbook-x-prod.appspot.com/o/spaces%2FdRFaAQj48kjoF2MVHWg3%2Fuploads%2Fgit-blob-872bdeabd149767b507ca905eef51a100eb243cd%2FSynatra-Sep-2024-OffsideLabs.pdf?alt=media'],,,,,,,,,,,,,,,,,
487,Sunny,solana:SUNNYWgPQmFxe9wTZzNK7iPnJ3vYDrkgnxJRJm1s3ag,SUNNY,https://sunny.ag,"Sunny is a composable DeFi yield aggregator powered by Solana, one of the fastest growing blockchain ecosystems. The Sunny Protocol is designed with composability as a core feature, enabling other applications and protocols to easily build on top of it.",Solana,https://icons.llama.fi/sunny.svg,0,,sunny-aggregator,11612,Yield,['Solana'],sunny.js,SunnyAggregator,,,,"TVL counts LP token deposits made to Sunny Aggregator. CoinGecko is used to find the price of tokens in USD, only the original ""SOL"" token price is used for all existing variations of the token.",sunny,6445950.5719254725,{'Solana': 6445950.5719254725},-1.2537206718724718,-1.7289738196141826,9.730314219164,{},0.0,,,,False,,,"[[1659975842, 'Code refactor, fix tvl computation']]",,,,,,,,,,,,,
2511,HawkFi,,-,https://hawksight.co,HawkFi is the leading analytics & automation platform for on-chain market makers to get the smartest yield on Solana memecoins and ecosystem tokens. HawkFi currently automates market making for Meteora DLMM (Dynamic Liquidity Market Making) and Orca CLMM (Concentrated Liquidity Market Making).,Solana,https://icons.llama.fi/hawkfi.jpg,2,,,,Liquidity manager,['Solana'],hawksight/index.js,HawksightCo,[],[],1675781739.0,Sums the total value locked of all strategies in Hawksight,hawkfi,5960368.574915149,"{'Solana-staking': 78385.24858932183, 'Solana': 5960368.574915149, 'staking': 78385.24858932183}",0.5754762293923079,0.3529914872193416,20.238412771148774,{},,,,['https://hawksight.gitbook.io/whitepaper/security-audits'],,,,,,,78385.24858932183,,,,,,,,,,
2600,Symmetry,,-,https://symmetry.fi,Solana's on-chain asset management infrastructure layer,Solana,https://icons.llama.fi/symmetry.png,2,,,,Indexes,['Solana'],symmetry/index.js,symmetry_fi,[],"['Pyth', 'Switchboard']",1677438953.0,,symmetry,5671317.428302602,{'Solana': 5671317.428302602},-0.3778470222230226,-2.2103742355841973,8.158246588732766,{},,,,['https://twitter.com/symmetry_fi/status/1593286912252461060'],,,['symmetryinvestments'],,,,,,,,,,,,,,
5171,Solbank Finance,solana:8twuNzMszqWeFbDErwtf4gw13E6MUS4Hsdx5mi3aqXAM,SB,https://solbank.finance,"First mover DeFi hedge fund on Solana enabling high-APY staking, meme farming and more",Solana,https://icons.llama.fi/solbank-finance.jpg,0,,,,Yield,['Solana'],solbank-finance/index.js,Solbankfi,[],[],1727088061.0,,solbank-finance,5510294.660602895,"{'Solana-staking': 3217772.0946398997, 'Solana': 5510294.660602895, 'staking': 3217772.0946398997}",-1.9369016751801666,-12.512832223758409,-9.679282670772523,{},,,,,,,['SolbankFinance'],,,,3217772.0946398997,,,,,,,,,,
5347,OpenDelta Perpetual Bond,solana:opbrKSFxFXRHNg75xjpEAbJ5R6e6GYZ6QKEqdvcBq7c,OPB,https://www.opendelta.com/,"OpenDelta's perpetual bond (OPB) is created by hedging Bitcoin collateral across a variety of global derivatives exchanges in a trust-minimized way. This process creates a position that’s stable in dollar terms, protects the holder against downside risk, and earns continuous yield from the derivatives market funding rate.",Solana,https://icons.llama.fi/opendelta-perpetual-bond.jpg,0,,,,Basis Trading,['Solana'],opendelta/index.js,opendelta_,[],[],1731494862.0,"TVL is calculated by multiplying the OPB token supply by the current USD value of 1.0 OPB. Initially worth $1.0, 1.0 OPB now reflects its increased value from accrued interest, derived using amountToUiAmount approach of Solana Token2022 Interest Bearing extension.",opendelta-perpetual-bond,5036715.261284552,{'Solana': 5036715.261284552},0.001129510076623319,0.030630733134827892,,{},,,,,,,,,,,,,,,,True,,,,,
1684,Dual Finance,solana:DUALa4FC2yREwZ59PHeu1un4wis36vHRv5hWVBmzykCJ,DUAL,https://beta.dual.finance,"Incentive Liquidity Infrastructure. Provides token communities with sustainable ways to generate value & token liquidity from their treasuries. Through liquid option based incentives, tools and services, Dual Finance unleashes participation in decentralized communities",Solana,https://icons.llama.fi/dual-finance.png,0,,dual-finance,,Options,['Solana'],dual/index.js,DualFinance,[],['Pyth'],1650933184.0,,dual-finance,4639680.6166672725,"{'Solana-staking': 4639680.616667272, 'Solana': 4639680.6166672725, 'staking': 4639680.616667272}",-2.2061665348179957,-15.639507446138907,57.35967128385195,{},,,,,,,['Dual-Finance'],,,,4639680.616667272,,,,,,,,,,
1191,Katana,,-,https://app.katana.so,Katana is a yield generation protocol on Solana designed to generate sustainable yield from automated option strategies.,Solana,https://icons.llama.fi/katana.png,0,,,,Options Vault,['Solana'],katana/index.js,Katana_HQ,,['Pyth'],1641359167.0,Snapshots of the TVL from app.katana.so are saved periodically into the statistics repo,katana,3705115.813725092,{'Solana': 3705115.813725092},-0.727060434276936,-1.9310882868263377,7.608493088365236,{},,,,,False,,,,,,,,,,,,,,,,
2322,OpenBook,,-,https://openserum.io,OpenBook is a community-led fork of the Serum V3 program. The CLOB formerly known as Serum V3.,Solana,https://icons.llama.fi/openbook.jpg,0,,,,Dexes,['Solana'],openbook/index.js,openbookdex,[],[],1669735243.0,,openbook,3288708.7658791277,{'Solana': 3288708.7658791277},,,,{},,,,,,,['openbook-dex'],,,,,,,,,,,,,,
536,Larix,solana:Lrxqnh6ZHKbGy3dcrCED43nsoLkM1LTzU2jRfWe8qUC,LARIX,https://projectlarix.com,The first Metaverse based Finance Protocol on Solana.,Solana,https://icons.llama.fi/larix.jpg,2,,larix,11911,Lending,['Solana'],larix.js,ProjectLarix,,['Pyth'],,,larix,3254515.42677671,"{'Solana': 3254515.42677671, 'Solana-borrowed': 6279750.298550667, 'borrowed': 6279750.298550667}",0.21282065191803667,-1.1200360105370777,3.767454770424422,{},0.0,,,['https://docs.projectlarix.com/how-to-prove/audit'],False,,,,,,,,,,,,,,,,
3903,Rain.fi,,-,https://rain.fi,"Rain.fi is a P2P lending protocol that let anyone create their own lending pool with custom interest and conditions in order to lend on several type of assets like Tokens, NFTs and RWA using the same liquidity.",Solana,https://icons.llama.fi/rain.fi.jpg,2,,,,Lending,['Solana'],rain/index.js,RainFi_,[],"['TWAP', 'Pyth', 'Switchboard']",1702295258.0,,rain.fi,3234455.681423117,"{'Solana-borrowed': 1140693.0549424933, 'Solana': 3234455.681423117, 'borrowed': 1140693.0549424933}",0.1816732279390294,-3.688465610327114,-3.041776731022196,{},,,,['https://rain.fi/security-audit'],,,,,,,,,,,,,,,,,
5333,Carrot,solana:CRTx1JouZhzSU6XytsE42UQraoGqiHgxabocVfARTy2s,CRT,https://use.deficarrot.com/,"A liquid yield bearing token that maximizes your earned interest on stablecoins, consistently increasing the token value by intelligently routing funds to capture the highest available yield, without adding speculation risk",Solana,https://icons.llama.fi/carrot.jpg,2,,carrot-2,,Yield Aggregator,['Solana'],carrot/index.js,DeFiCarrot,[],[],1731107322.0,"TVL calculated by calling the onchain state of the CRT Vault accounts, and tallying the balance of each strategy.",carrot,3053699.8504700144,{'Solana': 3053699.8504700144},0.09696860840533361,0.6980949436898385,,{},3059197.702223867,,,['https://deficarrot.com/assets/carrot_final_report.pdf'],,,,,,,,,,,,,,,,,
469,Port Finance,solana:PoRTjZMPXb9T7dyU7tpLEZRQj7e6ssfAE62j2oQuc6y,PORT,https://port.finance,"Port Finance is a decentralized Money Market protocol on Solana, aiming to provide a full suite of lending products including but not limited to: variable rate lending, fixed rate lending and interest rate swaps.",Solana,https://icons.llama.fi/port-finance.png,2,,port-finance,11220,Lending,['Solana'],portfinance/index.js,port_finance,,['Pyth'],,,port-finance,2776388.6933099222,{'Solana': 2776388.6933099222},0.07743639085727239,-1.2646656781387833,4.160979075205873,{},284971.4241332172,,,"['https://drive.google.com/file/d/16X4Su-zuxIxcCLbf7-dC2hQJdUW7oDaf/view?usp=sharing', 'https://drive.google.com/file/d/1iRy6v6_CsJKXOBSk_6mg4kmqvBL-Aqlj/view?usp=sharing', 'https://drive.google.com/file/d/1HHHveh99XGfvkyqBZWvzzdNMot2ETm9q/view?usp=sharing']",,,['port-finance'],,,,,,,,,,,,,,
4517,1INTRO,solana:inTCqHJaLAETUxvRZ2kC45G2sThq9BFWVimfaQw7t6w,INTRO,https://www.1intro.com,"1INTRO redefines the finance ecosystem on Solana with a smart platform that uses AI to improve Liquidity Bootstrapping Pool (LBP), DEX, and token deployment, elevating both the user experience and operational efficiency",Solana,https://icons.llama.fi/1intro.png,2,,1intro,30742,Dexes,['Solana'],1intro/index.js,1intro,[],[],1713929546.0,,1intro,2765182.931185129,{'Solana': 2765182.931185129},-0.6561538972619729,-1.1547756745386266,2.5854450287981194,{},1415475.1350834325,,,"['https://files.1intro.com/public/SecurityCodeReview.pdf', 'https://files.1intro.com/public/SecurityCodeReview1DEX.pdf']",,,,,,,,,,,,,,,,,
4734,stabble,,-,https://stabble.org,Solana's first frictionless liquidity and trading layer,Solana,https://icons.llama.fi/stabble.png,2,,,,Dexes,['Solana'],stabble/index.js,stabbleorg,[],[],1717693423.0,,stabble,2671520.035888491,{'Solana': 2671520.035888491},-0.43215581281705795,8.586692325747464,19.140924917722273,{},,,,['https://github.com/stabbleorg/audit-reports'],,,['stabbleorg'],,,,,,,,,,,,,,
1062,Chest Finance,,-,https://www.chestfinance.xyz/,Earn yield on the largest protocols on Solana: All of the collateral deposited to Chest is actively staked to earn additional yield for the users. Earn yield on option strategies: Every week Chest vaults run automated call-cover and put-cover options to earn yield for its users,Solana,https://icons.llama.fi/chest-finance.jpg,0,,,,Options Vault,['Solana'],chest-finance/index.js,chestfinance,,['Pyth'],1640040907.0,Summing balances of all chests of chest finance,chest-finance,2496778.2690530997,{'Solana': 2496778.2690530997},-1.023901512812401,-1.605786410657828,6.118578204153451,{},,,,,False,,,,,,,,,,,,,,,,
4531,International Stable Currency,,-,https://www.isc.money,International Stable Currency (ISC) is yield-bearing stablecoin pegged to a basket of real world assets,Solana,https://icons.llama.fi/international-stable-currency.png,0,,,,RWA,['Solana'],international-stable-currency/index.js,ISC_money,[],[],1714244597.0,Supply of ISC multiplied by the price of ISC in USD.,international-stable-currency,2032004.04802486,{'Solana': 2032004.04802486},1.1111111111111143,1.1111101159259675,-2.9914300554878537e-05,{},,,,,,,['TheISCTeam'],,,,,,,,['international-stable-currency'],,,,,,
5265,RateX,,-,https://rate-x.io,World’s 1st Leveraged Yield Exchange,Solana,https://icons.llama.fi/ratex.jpg,2,,,,Yield,['Solana'],rate-x/index.js,RateX_Dex,[],[],1729682377.0,"TVL is calculated by summing the value of the traders' vault, LP vault, and earn vault.",ratex,1939873.0382205446,{'Solana': 1939873.0382205446},-1.492006614683774,-2.3263160902324245,9.653403921436706,{},,,,['https://github.com/RateX-Protocol/Audit-Report/blob/main/RateX-Sep-2024-OffsideLabs.final.pdf'],,,,,,,,,,,,,,,,,
2822,Bonkswap,,-,https://bonkswap.io,Building the Nexus of Degeneracy on Solana,Solana,https://icons.llama.fi/bonkswap.jpg,0,,,,Dexes,['Solana'],bonkswap/index.js,Bonkswap_io,[],[],1681384865.0,,bonkswap,1875987.007488504,{'Solana': 1875987.007488504},-0.44981171956686694,-4.366176735302517,34.41961726843746,{},,,,,,,,,,,,,,,,,,,,,
780,Apricot Finance,solana:APTtJyaRX5yGTsJU522N4VYWg3vCvSb65eam5GrPT5Rt,APT,https://apricot.one/#/,Apricot is a next-gen lending protocol that supports leveraged yield farming on Solana. Our mission is to help users maximize yield while protecting their downsides.,Solana,https://icons.llama.fi/apricot-finance.jpg,2,,apricot,13473,Lending,['Solana'],apricot.js,ApricotFinance,,['Pyth'],1636003606.0,"TVL consists of deposits made to the protocol and like other lending protocols, borrowed tokens are not counted",apricot-finance,1503048.0450244762,{'Solana': 1503048.0450244762},-0.4871577976877717,-1.2542742598764676,-10.411110408311757,{},32177.83969056324,,,,False,,,,,,,,,,,,,,,,
653,Atrix,,-,https://www.atrix.finance,A Serum-based AMM on Solana allowing for permissionless liquidity and farming.,Solana,https://icons.llama.fi/atrix.png,0,,,,Dexes,['Solana'],atrix.js,AtrixProtocol,,,,,atrix,1372292.099636696,{'Solana': 1372292.099636696},-0.7879926162777622,-1.8150195995818166,3.6100865156177235,{},,,,,False,,,"[[1665521360, 'Mango Markets Hack'], [1667865600, 'FTX collapse']]",,,,,,,,,,,,,
2193,Amulet Liquidity Staking,,-,https://appv1.amulet.org/,"Amulet's optimized staking algorithm enables users to earn PoS staking rewards on Solana without locking in their funds. Users can get instant liquidity for their staked $SOL and participate in DeFi with $amtSOL, Amulet's $SOL derivative.",Solana,https://icons.llama.fi/amulet-liquidity-staking.jpg,2,,,,Liquid Staking,['Solana'],amulet-liquidity-staking/index.js,AmuletProtocol,[],[],1666174560.0,"Amulet enables users to earn PoS staking rewards on Solana by staking SOL and mint amtSOL. Hence, the amount of SOL staked are counted as our TVL for Amulet Liquidity Staking which the value are calculated based on the price get from Coingecko.",amulet-liquidity-staking,1156562.88,{'Solana': 1156562.88},1.3191855463148698,-16.790075659861273,-8.651513262392015,{},,,,['https://files.amulet.org/public/AmuletGlobalMTRLabs.pdf'],,,,"[[1667692800, 'FTX collapse']]",parent#amulet,,,,,,,,,,,,
1172,PsyOptions,solana:PsyFiqqjiv41G7o5SMRzDJCu4psptThNR2GtfeGHfSq,PSY,https://www.psyoptions.io,"Trade on-chain, asset settled, American style options for $BTC & $ETH",Solana,https://icons.llama.fi/psyoptions.png,2,,psyoptions,16896,Options,['Solana'],psyoptions/index.js,PsyOptions,,['Pyth'],1641069495.0,,psyoptions,989217.4823302377,{'Solana': 989217.4823302377},-1.1797316469229742,-1.9630584762800396,4.239394657724077,{},239680.50700546434,,,['https://uploads-ssl.webflow.com/62c82c6d2ffe37f2356d8f28/62fd49a04b1b9b62fcf5786f_PUBLIC_RELEASE_PSYOPTIONS.pdf'],,,['mithraiclabs'],"[[1717977600, 'Withdrawal Only Mode Announced']]",,,,,,,,True,,,,,
739,Aldrin,solana:E5ndSkaB17Dm7CsD22dvcjfrYSDLCxFcMd6z8ddCk5wp,RIN,https://aldrin.com,Aldrin's mission is to simplify DeFi and create powerful tools for all traders to succeed.,Solana,https://icons.llama.fi/aldrin.png,2,,aldrin,10935,Dexes,['Solana'],aldrin/index.js,Aldrin_Exchange,,,1635802554.0,,aldrin,843448.7598980396,"{'Solana-staking': 19922.957779061384, 'Solana': 843448.7598980396, 'staking': 19922.957779061384}",-1.1795459738717824,-2.4559005644716905,4.923457616811461,{},186109.85960573985,,,['https://dex.aldrin.com/877f900320eec44c13409814fe473fb7.pdf'],False,,,"[[1665521360, 'Mango Markets Hack']]",,,19922.957779061384,,,,,,,,,,
3881,Banx,solana:BANXbTpN8U2cU41FjPxe2Ti37PiT5cCxLUKDQZuJeMMR,BANX,https://banx.gg,"Blazing fast, perpetual AF. Borrow from JPEGs",Solana,https://icons.llama.fi/banx.jpg,0,,banx,,NFT Lending,['Solana'],banx/index.js,banx_gg,[],[],1701698566.0,,banx,823336.5699737055,"{'Solana-borrowed': 1731289.9151298555, 'Solana': 823336.5699737055, 'borrowed': 1731289.9151298555}",,,,{},0.0,,,,,,,,,,,,,,,,,,,,
1262,Saros,solana:SarosY6Vscao718M4A778z4CGtvcwcGef5M9MEH1LGL,SAROS,https://dex.saros.xyz/,"One decentralized and permissionless platform for you to swap, stake, and invest with the low-cost, high efficiency and ultimate experience",Solana,https://icons.llama.fi/saros.svg,2,,saros-finance,29082,Dexes,['Solana'],saros/index.js,saros_xyz,,,1642193205.0,TVL includes the total token value inside the protocol's liquidity pools.,saros,790990.5082825947,{'Solana': 790990.5082825947},-0.030119802569331,-1.8691151452769361,0.616475779205004,{},4307072.019847953,,,['https://app.inspex.co/library/saros-finance#?scope=saros-finance'],False,,,,,,,,,,,,,,,,
3559,Armada,,-,https://app.armadafi.so/,"Armada's suite of tools revolutionizes how tokens are launched and managed, giving project treasuries the power to seamlessly unlock initial token distribution, liquidity, price discovery, and protocol revenue management",Solana,https://icons.llama.fi/armada.png,0,,,,Liquidity manager,['Solana'],armada/index.js,ArmadaFi,[],[],1695705814.0,,armada,736772.9023690383,{'Solana': 736772.9023690383},-0.1915704858277678,-0.9150316143301325,3.7274083541255294,{},,,,,,,,,,,,,,,,True,,,,,
1402,UXD,solana:UXPhBoR3qG4UCiGNJfV7MqhHyFqKN68g45GoYvAeL2M,UXP,https://uxd.fi/,Fully collateralized decentralized stablecoin backed by the Asset Liability Management Module,Solana,https://icons.llama.fi/uxd.png,2,,uxd-protocol-token,15028,Decentralized Stablecoin,['Solana'],uxd/index.js,UXDProtocol,,,1644696944.0,,uxd,701825.3637341098,{'Solana': 701825.3637341098},0.0,0.19280413386996997,-0.30403402616472874,{},105509121.51313137,,,['https://docs.uxd.fi/uxdprotocol/resources/audits'],False,['eip155:42161:0x8dEc1460C23767e17557f163d8Fe39AF37A244Bb'],,,,,,,,,['uxd-stablecoin'],,Rust,,,,
2842,Sharky,solana:SHARKSYJjqaNyxVfrpnBN9pjgkhwDhatnMyicWPnr1s,SHARK,https://sharky.fi,Sharky is the first escrowless NFT lending and borrowing protocol on Solana. Users can borrow SOL against their NFTs or Lend SOL and earn a high % APY.,Solana,https://icons.llama.fi/sharky.jpg,0,,sharky-fi,30666,NFT Lending,['Solana'],sharky/index.js,SharkyFi,[],[],1681557908.0,TVL is the total principal of all current offers and taken loans.,sharky,580297.0017198026,"{'Solana-borrowed': 1850239.5452208356, 'Solana': 580297.0017198026, 'borrowed': 1850239.5452208356}",2.8657000327551003,-25.27717102645957,12.546636404476686,{},0.0,,,,,,,,,,,,,,,,,,,,
4732,Divvy.Bet,,-,https://app.divvy.bet,Frictionless betting experience powered by Solana with no signups or deposits,Solana,https://icons.llama.fi/divvy.bet.png,0,,,,Prediction Market,['Solana'],divvy-bet/index.js,DivvyBet,[],[],1717683159.0,,divvy.bet,563352.7291165846,{'Solana': 563352.7291165846},-0.15775894362366216,9.62956164226678,43.821819691855495,{},,,,,,,['DivvyBet'],,,,,,,,,,,,,,
5105,Adrastea,,-,https://adrastea.fi,"Adrastea is a composable leverage protocol that facilitates isolated boosting, with a primary mission to simplify the process and amplify the yield.",Solana,https://icons.llama.fi/adrastea.jpg,2,,,,Yield,['Solana'],adrastea/index.js,AdrasteaFinance,[],[],1725543364.0,,adrastea,488676.1213976823,{'Solana': 488676.1213976823},-0.7163887535019313,-0.2579374106991139,-3.6925797274265193,{},,,,['https://github.com/OffsideLabs/reports/blob/public/audits/Adrastea-Aug-2024-OffsideLabs.pdf'],,,,,parent#adrastea,,,,,,,,,,,,
3184,Jet Margin,solana:JET6zMJWkCN9tpRT2v2jfAmm5VnQFDpUBCyaKojmGtz,JET,https://app.jetprotocol.io/,"Jet Protocol Margins product offers a unique margin account system that allows users to leverage their deposits as collateral for borrowing or risk positioning, while ensuring protocol safety through a built-in liquidation mechanism to cover debts when necessary",Solana,https://icons.llama.fi/jet.jpg,2,,,,Lending,['Solana'],jetprotocol-v2-margin/index.js,JetProtocol,,['Pyth'],1688231574.0,"Add all the SOL in the pools, NFT value is not included in tvl",jet-margin,475557.3951491095,{'Solana': 475557.3951491095},-1.867225391928642,-2.682138913223781,6.3211667278823,{},,,,['https://docs.jetprotocol.io/jet-protocol/audit-reports'],,,,,parent#jet,,,,,,,,,,,,
1531,01,,-,https://01.xyz/,"Fully decentralized orderbook based derivatives dex allowing users to trade, borrow & lend their crypto assets.",Solana,https://icons.llama.fi/01.jpg,0,,,,Derivatives,['Solana'],01/index.js,01_exchange,[],['Pyth'],1646949250.0,To obtain the tvl we're getting the vault accounts information where user deposited collateral is stored.,01,364822.8519299172,{'Solana': 364822.8519299172},-1.3033460658635931,-2.071507558848822,5.8257430752377815,{},,,,,,,,"[[1667865600, 'FTX collapse']]",,,,,,,,,,,,,
5349,Manifest Trade,,-,https://manifest.trade/,"Manifest is the 3rd generation CLOB DEX on Solana, the spiritual successor to Openbook and Serum.",Solana,https://icons.llama.fi/manifest-trade.jpg,0,,,,Dexes,['Solana'],manifest-trade/index.js,ManifestTrade,[],[],1731495426.0,,manifest-trade,330313.5225791814,{'Solana': 330313.5225791814},0.1840854461962067,-16.523856506384675,,{},,,,,,,,,,,,,,,,,,,,,
4572,GuacSwap,solana:AZsHEMXd36Bj1EMNXhowJajpUXzrKcK57wW4ZGXVa7yR,GUAC,https://guacamole.gg,Unlock the Power of Guacamole's Growing Ecosystem: Dive into Our Seamless Solana-based AMM for a User-Centric Experience,Solana,https://icons.llama.fi/guacswap.png,0,,,,Dexes,['Solana'],guacswap/index.js,guac_gg,[],[],1715089507.0,,guacswap,302028.508716249,{'Solana': 302028.508716249},-1.3587657846121317,-3.23291862761252,3.316560491229012,{},,,guacswap.js,[],,,['Guacgg'],,,,,,,,,,,,,,
647,Jet V1,solana:JET6zMJWkCN9tpRT2v2jfAmm5VnQFDpUBCyaKojmGtz,JET,https://www.jetprotocol.io,"Jet is a decentralized borrowing and lending protocol built for speed, power, and scalability on Solana.",Solana,https://icons.llama.fi/jet.jpg,0,,,,Lending,['Solana'],jetprotocol.js,JetProtocol,,['Pyth'],,"TVL consists of deposits made to the protocol and like other lending protocols, borrowed tokens are not counted. Coingecko is used to price tokens.",jet-v1,293047.9516999388,"{'Solana': 293047.9516999388, 'Solana-borrowed': 50961.1970913172, 'borrowed': 50961.1970913172}",-1.7426287668931906,-2.869225247616228,5.783378029861439,{},,,,,,,,"[[1702339200, 'Jet Protocol Holdings, LLC is shutting down']]",parent#jet,,,,,,,,,,,,
2733,Citrus,,-,https://citrus.famousfoxes.com,Citrus is a P2P NFT lending platform allowing users to borrow against their NFTs as well as mortgage NFTs.,Solana,https://icons.llama.fi/citrus.jpg,0,,,,NFT Lending,['Solana'],citrus/index.js,FamousFoxFed,[],[],1679923808.0,TVL is amount of SOL available to be borrowed,citrus,279804.277572177,"{'Solana': 279804.277572177, 'Solana-borrowed': 744253.4912388208, 'borrowed': 744253.4912388208}",0.021052278504612332,-5.974874533528535,-17.17073743418956,{},,,,,,,,,,,,,,,,,,,,,
4604,Cropper CLMM,solana:DubwWZNWiNGMMeeQHPnMATNj77YZPZSAz2WVR5WjLJqz,CRP,https://cropper.finance,Cropper is a CLMM built on the Solana blockchain.,Solana,https://icons.llama.fi/cropper.png,0,,,,Dexes,['Solana'],cropper-CL/index.js,CropperFinance,[],[],1715695828.0,,cropper-clmm,278876.21950808616,{'Solana': 278876.21950808616},-0.35915186239544994,-0.4849659105883575,-1.1703293890962954,{},,,,,False,,,,parent#cropper,,,,,,,,,,,,
284,Serum Swap,,SRM,https://swap.projectserum.com/,AMM,Solana,https://icons.llama.fi/serum-swap.svg,0,,,1204,Dexes,['Solana'],serum-swap/index.js,ProjectSerum,,,,,serum-swap,252375.07581913506,{'Solana': 252375.07581913506},-0.8182791939783982,-1.4959511926047782,2.545384979391031,{},,,,,False,,,,,,,,,,,,,,,,
1412,Crema Finance,,-,https://www.crema.finance,Crema Finance is a powerful concentrated liquidity protocol built on Solana that provides superior performance for both traders and liquidity providers. It changes the Solana DeFi game by introducing a series of innovations to improve the overall capital efficiency and trading depth.,Solana,https://icons.llama.fi/crema-finance.png,0,,,,Dexes,['Solana'],crema.js,Crema_Finance,[],[],1644868985.0,,crema-finance,249041.8369944399,{'Solana': 249041.8369944399},-1.1606604939820642,-8.994681528338972,-7.111783972682417,{},,,,,False,,,,,,,,,,,,,,,,
2154,Lifinity V1,solana:LFNTYraetVioAPnGJht4yNg2aUZFXR776cMeN9VMjXp,LFNTY,https://lifinity.io/pools,The first proactive market maker on Solana designed to improve capital efficiency and reduce impermanent loss.,Solana,https://icons.llama.fi/lifinity-v1.jpg,0,,,,Dexes,['Solana'],lifinity/index.js,Lifinity_io,[],['Pyth'],1664977775.0,,lifinity-v1,211088.34036712663,{'Solana': 211088.34036712663},-0.6386383386535783,-1.6253524131524415,3.2268322174806627,{},,,,,,,,,parent#lifinity,,,,,,,,,,,,
1410,Cropper AMM,solana:DubwWZNWiNGMMeeQHPnMATNj77YZPZSAz2WVR5WjLJqz,CRP,https://cropper.finance,"Cropper is an automated market maker (AMM) built on the Solana blockchain which enable lightning-fast trades, shared liquidity and new features for earning yield.",Solana,https://icons.llama.fi/cropper.png,2,,cropperfinance,11387,Dexes,['Solana'],cropper.js,CropperFinance,[],[],1644868660.0,,cropper-amm,195486.00758048941,"{'Solana-staking': 91432.46692558035, 'Solana': 195486.00758048941, 'staking': 91432.46692558035}",-0.9186029435181098,0.6625925993634922,4.557835369207126,{},401813.49625637743,,,"['https://github.com/HalbornSecurity/PublicReports/blob/master/Solana%20Program%20Audit/Cropper_Finance_Farm_Solana_Program_Security_Audit_Report_Halborn_Final.pdf', 'https://github.com/HalbornSecurity/PublicReports/blob/master/Solana%20Program%20Audit/Cropper_Finance_AMM_Program_Security_Audit_Report_Halborn_Final.pdf']",False,,,,parent#cropper,,91432.46692558035,,,,,True,,,,,
1786,Credix,,-,https://credix.finance,Credix is an institutional capital markets ecosystem designed for debt financing and private credit.,Solana,https://icons.llama.fi/credix.png,2,,,,RWA Lending,['Solana'],credix/index.js,Credix_finance,[],[],1653591974.0,,credix,109643.15022006865,"{'Solana-borrowed': 12942985.864097336, 'Solana': 109643.15022006865, 'borrowed': 12942985.864097336}",0.09369216262552982,-39.04062292859422,-57.94900940519775,{},,,,['https://www.certik.com/projects/credix'],,,['credix-finance'],,,,,,,,,,,,,,
1569,Swim Protocol,,-,https://swim.io/,"Swim is a multi-chain AMM for native assets, designed to make bridging as easy as possible.",Solana,https://icons.llama.fi/swim-protocol.png,2,,,,Cross Chain,['Solana'],swim/index.js,SwimProtocol,[],[],1647877802.0,,swim-protocol,102762.18349306541,{'Solana': 102762.18349306541},-0.028283022145075165,0.36268334248281064,0.003552242836718733,{},,,,['https://swim.io/audits/kudelski.pdf'],,,['swim-io'],"[[1667779200, 'Sunsetting announced']]",,,,,,,,,,,,,
5175,Hedgehog Markets,,-,https://hedgehog.markets/,Hedgehog Markets is the first Prediction Market market platform on Solana. They offer various markets types and markets that cover any and all topics,Solana,https://icons.llama.fi/hedgehog-markets.png,0,,,,Prediction Market,['Solana'],hedgehog-markets/index.js,HedgehogMarket,[],[],1727135183.0,TVL consists of deposits made into Hedgehog Markets.,hedgehog-markets,89165.50118451235,{'Solana': 89165.50118451235},-0.12033692896477532,1.5069588335235693,-6.617681814910824,{},,,,,,,['Hedgehog-Markets'],,,,,,,,,,,,,,
3612,hub3,,-,https://hub3.ee,"Join with Twitter, create your key, and dive into a dynamic marketplace. As keys change hands, their value shifts. Hold a key, start a chat.",Solana,https://icons.llama.fi/hub3.jpg,0,,,,SoFi,['Solana'],hub3-ee/index.js,hub3ee,[],,1696944495.0,,hub3,86079.37890492789,{'Solana': 86079.37890492789},-0.30189029771014475,0.8645803965793561,9.487448959433294,{},,,,,,,,,,,,,,,,,,,,,
1916,Hedge,solana:5PmpMzWjraf3kSsGEKtqdUsCoLhptg4yriZ17LKKdBBy,HDG,https://www.hedge.so,Hedge offers 0% interest loans on Solana in form of our CDP stablecoin $USH with the lowest collateral ratios available on Solana,Solana,https://icons.llama.fi/hedge.png,2,,hedge-protocol,20239,CDP,['Solana'],hedge/index.js,HedgeLabs,[],"['Pyth', 'Chainlink', 'Switchboard']",1658387691.0,TVL is equal to the Collateral Value + assets in PSM. Staking adds Amount of HDG staked * HDG price,hedge,68548.9034013305,"{'Solana-staking': 0, 'Solana': 68548.9034013305, 'staking': 0}",0.13964959819428202,0.24717725406522106,1.8875723159456754,{},0.0,,,['https://docs.hedge.so/protocol-overview/security'],,,,,,,0.0,,,,['hedge-usd'],,,,,,
736,aSOL,,-,https://asol.so,aSOL is the standard for transacting with staked SOL tokens.,Solana,https://icons.llama.fi/asol.png,0,,,,Liquid Staking,['Solana'],asol/index.js,aSOLprotocol,,,1635800533.0,aSOL TVL is computed by looking at the token balances of the accounts holding the stake pool tokens backing the aSOL Crate. The token accounts come from https://asol.so/#/admin.,asol,67887.47102138697,{'Solana': 67887.47102138697},-0.8016991353428864,0.7543922077035035,8.096813614555742,{},,,,,,,['aSolHQ'],,,,,,,,,,,,True,,
755,Arrow,,-,https://arrowprotocol.com,"Arrow allows individuals, protocols, and DAOs on Solana to launch staking derivatives which redirect yield to a different address.",Solana,https://icons.llama.fi/arrow.png,0,,,,Yield,['Solana'],arrow/index.js,ArrowProtocol,,,1635961535.0,"TVL counts LP token deposits made to Arrow Protocol. CoinGecko is used to find the price of tokens in USD, only the original ""SOL"" token price is used for all existing variations of the token.",arrow,67202.39028181112,{'Solana': 67202.39028181112},0.5024459757218409,0.032936120074822384,0.7229866508808698,{},,,,,,,,"[[1648080000, 'Cashio was hacked!']]",,,,,,,,,,,True,,
5282,Adrastea LRT,,-,https://app.adrastea.fi/liquid-restaking,"Restake on Solayer, users funds are locked in an AVS, making their position non-liquid. Adrastea changes that by giving users a liquid token (lrtsSOL), allowing the benefits of restaking—like rewards and yields—while gaining liquidity.",Solana,https://icons.llama.fi/adrastea.jpg,0,,,,Liquid Restaking,['Solana'],adrastea-lrt/index.js,AdrasteaFinance,[],[],1729889024.0,,adrastea-lrt,64746.715534248935,{'Solana': 64746.715534248935},-1.806186959254589,-2.9010541407493804,7.2466758468842585,{},,,,,,,,,parent#adrastea,,,,,,,,,,,,
731,Synthetify,solana:4dmKkXNHdgYsXqBHCuMikNQWwVomZURhYvkkX5c4pQ7y,SNY,https://www.synthetify.io,Synthetify is a decentralized synthetic assets protocol build on the Solana blockchain. The protocol allows for the creation and exchange of synthetic assets that closely track the price of specific assets. Synthetic tokens are based on the SPL-Token standard that gives them the ability to be easily integrated with other DeFi applications like AMM.,Solana,https://icons.llama.fi/synthetify.png,2,,synthetify-token,9447,Synthetics,['Solana'],synthetify/index.js,synthetify,,['Pyth'],1635546647.0,To obtain TVL of Synthetify we must add all colaterals which was deposited.,synthetify,63778.9370360241,{'Solana': 63778.9370360241},-2.1806230907119044,-4.874670058677225,9.245885403665397,{},61302.930301889195,,,['https://github.com/Synthetify/synthetify-landing/blob/master/public/blog/audit/audit.pdf'],,,['Synthetify'],,,,,,,,,,,,,,
1156,Cykura,solana:BRLsMczKuaR5w9vSubF4j8HwEGGprVAyyVgS4EX7DKEg,CYS,https://cykura.io,Cykura is the first CLMM on Solana that solves the problem of capital inefficiency and maximizes returns for liquidity providers while offering a smooth and fast experience for traders.,Solana,https://icons.llama.fi/cykura.png,0,,cykura,10217,Dexes,['Solana'],cykura/index.js,cykurafi,,,1640830327.0,,cykura,53564.22742280873,{'Solana': 53564.22742280873},-1.3289330653773561,-4.144957513941165,3.967505323465332,{},,,,,,,['cykura'],,,,,,,,,,,,,,
1493,GoblinGold,,-,https://app.goblin.gold,"Goblin Gold DAO is an automated crypto growth engine that leverages customized risk strategies to generate DeFi yield. The protocol is designed to invest in several products while tokenizing your positions, allowing composability with other features.",Solana,https://icons.llama.fi/goblingold.png,0,,,,Yield,['Solana'],goblingold.js,goblingold_fi,[],[],1646175619.0,,goblingold,43446.02707432785,{'Solana': 43446.02707432785},-1.0695004031735351,0.3844419582808456,6.857597135472716,{},,,,,False,,,,,,,,,,,,,,,,
280,Oxygen,solana:z3dn17yLaGMKffVogeFHQ9zWVcXgqgf3PQnDsNs2g6M,OXY,https://www.oxygen.org/,Money market on Solana,Solana,https://icons.llama.fi/oxygen.jpg,0,,oxygen,8029,Lending,['Solana'],oxygen/index.js,Oxygen_protocol,,,,,oxygen,36892.486662516,"{'Solana-borrowed': 0, 'Solana': 36892.486662516, 'borrowed': 0}",-0.6135359031505061,-11.1427266539812,-9.712689466805259,{},5501253.76369834,,,,False,,,,,,,,,,,,,,,,
1575,Penguin,,-,https://png.fi,"A Liquidity-as-a-Service Platform, built on Solana.",Solana,https://icons.llama.fi/penguin.png,0,,,,Dexes,['Solana'],penguin-finance/index.js,png_fi,[],[],1648061569.0,TVL includes the total token value inside the protocol's liquidity pools.,penguin,33829.44290249305,{'Solana': 33829.44290249305},-1.623853390902653,-2.290784949275306,2.686697693703593,{},,,,,,,,,,,,,,,,,,,,,
2048,Eversol,,-,https://eversol.one,"Eversol is a Solana Stake Pool that promotes network decentralization. Eversol's main concept is to dedicate a percentage of the pool rewards to the Stake Pool's Treasury, to fund the co-marketing activities with prospective projects built on Solana. Unlike other stake pools, we will directly facilitate and boost the DeFi ecosystem by helping new apps and products come to be known! We will help with co-marketing activities, useful business contacts, technical expertise, and consider the project as a recipient of funding from Everstake Capital.",Solana,https://icons.llama.fi/eversol.jpg,2,,,,Liquid Staking,['Solana'],eversol.js,eversol_pool,[],[],1662040454.0,,eversol,30977.110232678162,{'Solana': 30977.110232678162},-2.2077012835472516,-2.680105903664824,6.936150666054203,{},,,,['https://github.com/everstake/solana-program-library/blob/master/stake-pool/docs/EverSOL%20SP%20Audit.pdf'],,,['everstake'],,,,,ESOL,,,,,,,,,
4657,NxFi Protocol,,-,https://nxfi.io/,Committed to enabling users to invest in global on-chain and off-chain earning opportunities,Solana,https://icons.llama.fi/nxfi-protocol.png,0,,,,Lending,['Solana'],nxfi/index.js,nxfi_protocol,[],['Pyth'],1716386976.0,,nxfi-protocol,30273.506882044738,"{'Solana-borrowed': 2888.7195205300627, 'Solana': 30273.506882044738, 'borrowed': 2888.7195205300627}",-2.487183129192843,-0.7823149125233471,3.9059963072079142,{},,,,,,,,,,,,,,,,,,,,,
3425,Scallop Pool,sui:0x7016aae72cfc67f2fadf55769c0a7dd54291a583b63051a5ed71081cce836ac6::sca::SCA,SCA,https://scallop.io,"Scallop is the pioneering Next Generation Money Market for the Sui ecosystem which emphasizes institutional-grade quality, enhanced composability, and robust security.",Solana,https://icons.llama.fi/scallop-pool.jpg,0,,,,Yield,['Solana'],scallop-pool/index.js,Scallop_io,[],[],1692631527.0,,scallop-pool,24516.928443785342,{'Solana': 24516.928443785342},-0.19994983297505087,1.7556660967124458,6.090746289010411,{},,,,,,,,,,,,,,,,,,,,,
2000,FRAKT,solana:ErGB9xa24Szxbk1M28u2Tx8rKPqzL6BroNkkzk5rG4zj,FRKT,https://frakt.xyz/,"The FRAKT protocol (frakt.xyz) is a DeFi x NFT protocol that makes NFTs liquid, safe & accessible to everyone.",Solana,https://icons.llama.fi/frakt.png,0,,frakt-token,12604,NFT Lending,['Solana'],frakt/index.js,FRAKT_HQ,[],[],1661022639.0,Tvl is sum of sol in pools not yet lent out + value of locked NFTs,frakt,24030.893551392,"{'Solana': 24030.893551392, 'Solana-borrowed': 2892343.1179459533, 'borrowed': 2892343.1179459533}",-1.01870716799408,-2.437243267914198,8.833562445903993,{},7606.40877583486,,,,,,['frakt-solana'],,,,,,,,,,,,,,
1197,Sentre,solana:SENBBKVCM7homnf5RX9zqpf1GFe935hnbU4uVzY1Y6M,SNTR,https://hub.sentre.io/welcome,An on-chain AMM powering the evolution of DeFi.,Solana,https://icons.llama.fi/sentre.png,0,,sentre,12979,Dexes,['Solana'],sentre.js,SentreProtocol,,,1641420058.0,,sentre,10168.716869788586,{'Solana': 10168.716869788586},5.943865401346642,-3.9407405192804106,-6.1768224884817755,{},95047.99026501564,,,,False,,,,,,,,,,,,,,,,
2175,GooseFX,solana:GFX1ZjR2P15tmrSwow6FjyDYcEkoFb4p4gJCpLBjaxHD,GOFX,https://app.goosefx.io,"The best DEX in Solana to swap, trade derivatives and earn yield through single sided pools.",Solana,https://icons.llama.fi/goosefx.jpg,2,,goosefx,12898,Dexes,['Solana'],goosefx/index.js,GooseFX1,[],['Pyth'],1665568360.0,,goosefx,8922.863239077016,"{'Solana': 8922.863239077016, 'Solana-staking': 103472.89707592323, 'staking': 103472.89707592323}",-2.5005030004661535,-28.543171886337007,-11.965780556478222,{},1267492.724027863,,,"['https://safefiles.defiyield.info/safe/files/audit/pdf/GooseFX_Swap_Program_Security_Audit_Report_Halborn_Final.pdf', 'https://github.com/GooseFX1/gfx-swap/blob/master/audit/goosefx_ssl-audit-public.pdf']",,,['GooseFX1'],,,,103472.89707592323,,,,,,,,,,
2538,Parcl V2,solana:4LLbsb5ReP3yEtYzmXewyGjcir5uXtKFURtaEUVC2AHs,PRCL,https://www.parcl.co,Real estate synthetics built on Solana. Buy and short real estate markets around the world.,Solana,https://icons.llama.fi/parcl-v2.jpg,2,,,,Synthetics,['Solana'],parcl/index.js,Parcl,[],['Pyth'],1676483939.0,,parcl-v2,5354.507665878371,{'Solana': 5354.507665878371},-0.18991008991010006,-0.08310581740722967,-0.028217466611849318,{},,,,['https://docs.parcl.co/security'],,,,,parent#parcl,,,,,,,,,,,,
4268,Clone Protocol,,-,https://clone.so/,Bringing non-native token liquidity to Solana through cloned assets,Solana,https://icons.llama.fi/clone-protocol.png,2,,,,Dexes,['Solana'],clone/index.js,CloneProtocol,[],['Pyth'],1709943113.0,Return the amount of collateral in the vault.,clone-protocol,4050.43124,{'Solana': 4050.43124},,,,{},,,clone.js,['https://docs.clone.so/links-and-resources/security-audits'],,,['Clone-Protocol'],,,,,,,,,,,,,,
4310,Dradex,,-,https://dradex.xyz/,"AMM & Order Book exchange, built on Solana",Solana,https://icons.llama.fi/dradex.png,0,,,,Dexes,['Solana'],dradex/index.js,Dradex_io,[],[],1710611677.0,,dradex,2983.130442135819,{'Solana': 2983.130442135819},-0.5784460840089167,0.6255628011166721,7.095136018008489,{},,,,,,,['dradex-io'],,,,,,,,,,,,,,
4912,Follows,,-,https://follows.app,Follows is a new form of creator-fan relation leveraging the web3 platform,Solana,https://icons.llama.fi/follows.png,2,,,,SoFi,['Solana'],follows/index.js,follows_app,[],[],1721662001.0,To fetch the total supply of deposited SOL into the Follows Program,follows,2586.1510450463775,{'Solana': 2586.1510450463775},-0.9592996181425661,0.2273741827098661,7.860164124523948,{},,,,['https://follows.gitbook.io/follows/security-and-audits'],,,,,,,,,,,,,,,,,
2059,Goat Swap,,-,https://goatswap.xyz,solana's first decentralized NFT AMM. Currently in beta on mainnet,Solana,https://icons.llama.fi/goat-swap.jpg,0,,,,Dexes,['Solana'],goatswap/index.js,goatswapxyz,[],[],1662370314.0,"Add all the SOL in the pools, NFT value is not included in tvl",goat-swap,2256.73435154924,{'Solana': 2256.73435154924},-3.1384729497937087,-0.9246526625254887,6.869213850953912,{},,,,,,,,,,,,,,,,,,,,,
3185,Jet Fixed Term,solana:JET6zMJWkCN9tpRT2v2jfAmm5VnQFDpUBCyaKojmGtz,JET,https://app.jetprotocol.io/,"Jet Protocol's Fixed Term product is an innovative lending and borrowing platform that offers secured loans with defined terms, negotiable rates, and a robust liquidation channel, all underpinned by a unique orderbook system and an optional 'autoroll' feature for seamless multi-term transactions",Solana,https://icons.llama.fi/jet.jpg,2,,,,Lending,['Solana'],jet-protocol-v2-fixed-term/index.js,JetProtocol,,['Pyth'],1688231982.0,"Add all the SOL in the pools, NFT value is not included in tvl",jet-fixed-term,536.78375269408,{'Solana': 536.78375269408},-0.813082297499875,-1.8085144473216843,6.9151892069598375,{},,,,['https://docs.jetprotocol.io/jet-protocol/audit-reports'],,,,,parent#jet,,,,,,,,,,,,
2194,Beluga Protocol,solana:BELA4UpfNgAPw5vqs8JM4RYkEV55Uk1vbe1S6VvxQe9G,Beluga,https://beluga.so,Beluga is a decentralized exchange and liquidity pool designed for extremely efficient trading for stablecoins and pegged assets.,Solana,https://icons.llama.fi/beluga-protocol.png,2,,,,Dexes,['Solana'],beluga-protocol/index.js,Belugadex,[],['Pyth'],1666174631.0,TVL consists of staked tokens,beluga-protocol,302.338751302187,{'Solana': 302.338751302187},,,,{},,,,['https://kudelskisecurity.com/wp-content/uploads/PUBLIC_RELEASE_REDACTED_Kudelski_BelugaDex_SCR_2022_Retest_Report.pdf'],,,['belugaprotocol'],,,,,,,,,,,,,2022-11-13,
3986,DropCopy,solana:DropTpWcDmP7kVRUEoKSJaMVi62hGo9jp19Hz19JVsjh,DROP,https://dropcopy.io/pari,DropCopy is a parimutuel prediction market that allows players to predict the future price of cryptoccurrencies,Solana,https://icons.llama.fi/dropcopy.png,0,,,,Prediction Market,['Solana'],DropCopy/index.js,dropcopy_io,[],['Pyth'],1704484985.0,Count the number of tokens that are currently deposited in all the live prediction games,dropcopy,16.8856,{'Solana': 16.8856},-1.2722765330464512,-1.1613205338328214,7.958672190680787,{},,,,,,,,,,,,,,,,,,,,,
1825,Nirvana,solana:ANAxByE6G2WjFp7A4NqtWYXb3mgruyzZYg3spfxe6Lbo,ANA,https://nirvana.finance,ANA is a partially-collateralized asset with a built-in rising floor price & renewable yield. It allows for zero liquidation risk loans in the form of the NIRV superstable token.,Solana,https://icons.llama.fi/nirvana.png,0,,nirvana-ana,19513,CDP,['Solana'],nirvana/index.js,nirvana_fi,[],['Switchboard'],1655289558.0,"The total value of ANA tokens locked in the protocol, either as staking or as collateral for loans.",nirvana,2.513975,"{'Solana-staking': 0, 'Solana': 2.513975, 'staking': 0}",,,,{},0.0,,,,,,,"[[1659009600, 'Flash-Loan & Price Manipulation Attack']]",,,0.0,,,,,,,,,1669009600,
940,Soda Protocol,,-,https://sodaprotocol.com/,A Smart Lending Protocol with Credit System,Solana,https://icons.llama.fi/soda-protocol.png,2,,,,Lending,['Solana'],soda-protocol/index.js,SodaProtocol,,"['Chainlink', 'Pyth', 'Switchboard']",1638211002.0,TVL consists of deposits made to the protocol and borrowed tokens are not counted.,soda-protocol,0.25531058941116,{'Solana': 0.25531058941116},-0.3731928711407164,0.5708008984349817,-3.7130846294702593,{},,,,['https://www.certik.com/projects/sodaprotocol'],False,,,,,,,,,,,,,,,,
793,Cashio,solana:CASHVDm2wsJXfhj6VWxb7GiMdoLc17Du7paH4bNr5woT,CASH,https://cashio.app,Decentralized money on Solana.,Solana,https://icons.llama.fi/cashio.png,0,,cashio-dollar,,CDP,['Solana'],cashio/index.js,cashioapp,,,1636191361.0,TVL counts LP token deposits made to Cashio and accrued reward tokens to its bank. CoinGecko is used to find the price of tokens in USD.,cashio,0.06669221993537365,{'Solana': 0.06669221993537365},,,,{},0.0,,,,,,,"[[1647993600, 'Infinite mint glitch']]",,,,,,,,,,,,1667993600,True
934,InvictusDAO,solana:inL8PMVd6iiW3RCBJnr5AsrRN6nqr4BTrcNuQWQSkvY,IN,https://app.invictusdao.fi/#/dashboard,$IN is the decentralized reserve currency of Solana.,Solana,https://icons.llama.fi/invictusdao.jpg,0,,invictus,14278,Reserve Currency,['Solana'],invictus/index.js,InvictusDAO,['Olympus DAO'],,1638188717.0,,invictusdao,0.001633,"{'Solana-staking': 0, 'Solana': 0.001633, 'staking': 0}",,,,{},20637.285072706098,,,,False,,,,,,0.0,,,,,True,,,True,1648765747,
286,Mango Markets V3,solana:MangoCzJ36AjZyKwVj3VnYU4GTonjfVEnJmvvWaxLac,MNGO,https://mango.markets,"Decentralized spot margined, perpetual futures markets, borrowing and lending protocol on Solana. Permissionless, all on-chain and all markets are collateralised.",Solana,https://icons.llama.fi/mango-markets-v3.png,2,,,,Derivatives,['Solana'],mango-markets/index.js,mangomarkets,,['Pyth'],,,mango-markets-v3,0.0,{'Solana': 0},,,,{},,,,['https://docs.mango.markets/audit'],,,,"[[1665521360, 'Oracle Price Manipulation']]",parent#mango-markets,True,,,,,,,,,,2022-10-19,
417,Solyard,solana:8RYSc3rrS4X4bvBCtSJnhcpPpMaAJkXnVKZPzANxQHgz,YARD,https://solyard.finance,Solyard is New Yield Farming Aggregator Optimizer protocol on Solana,Solana,https://icons.llama.fi/solyard.png,2,,solyard-finance,11927,Yield,['Solana'],solyard.js,SolyardFinance,,,,,solyard,0.0,"{'Solana': 0, 'Solana-pool2': 0, 'Solana-staking': 0, 'pool2': 0, 'staking': 0}",,,,{},,,,['https://github.com/SolyardFinance/Audit/blob/master/SlowMistAuditReport-SolYard.pdf'],False,,,,,,0.0,,,0.0,,,,,True,2022-06-30,
430,Acumen,solana:-,ACM,https://acumen.network,"The Acumen protocol is an autonomous, non-custodial interest rate protocol native to the Solana blockchain that uses algorithmically set interest rates to enable open financial applications.",Solana,https://icons.llama.fi/acumen.jpg,0,,acumen,17791,Lending,['Solana'],acumen/index.js,acumenofficial,,['Pyth'],,Product is deprecated. More information: https://acumenofficial.medium.com/acumen-stable-dapp-update-7e96333e9318,acumen,0.0,{'Solana': 0},,,,{},0.0,,,,False,,,"[[1670803200, 'Product is deprecated']]",,,,,,,,,,,,2022-12-12,
564,Fabric,solana:token/EdAhkbj5nF9sRM7XN7ewuW8C9XEUMs8P7cnoQ57SYE96,FAB,https://stake.fsynth.io/,FABRIC is a synthetic asset issuance protocol built on Solana.,Solana,https://icons.llama.fi/fabric.png,0,,fabric,11462,Yield,['Solana'],fabric/index.js,official_fabric,,,,Project is shutdown: https://twitter.com/crypto_notte/status/1545387251143741441/photo/1,fabric,0.0,{'Solana': 0},,,,{},163.77964404805948,,,,False,,,,,,,,,,,,,,True,2022-06-19,
655,Almond,,ALM,https://almond.so,Fair and Nutritious DeFi.,Solana,https://icons.llama.fi/almond.svg,0,,almond,12874,Yield,['Solana'],almond.js,almond_so,,,,"The pools on https://almond.so/ are included in TVL. Standard tokens (SOL, BTC, ETH, USDC, etc..), no pool 2. The API fetches the balances of the Solana accounts holding the staked tokens, then uses Coingecko prices to determine dollar values.",almond,0.0,{'Solana': 0},,,,{},0.0,,,,False,,,,,,,,,,,,,,,2022-06-19,
658,Only1,solana:3bRTivrVsitbmCTGtqwp7hxXPsybkjn4XLNtPsHqa3zR,LIKE,https://only1.app,"Buy and Sell NFTs from your favorite content creators, earn crypto by interacting with these creators, or mint your own NFTs and start earning rewards today. Powered by Solana.",Solana,https://icons.llama.fi/only1.svg,0,,only1,10891,NFT Marketplace,['Solana'],only1.js,only1nft,,,,TVL is the sum of all tokens in the staking pools,only1,0.0,"{'Solana': 0, 'Solana-staking': 1170914.0372949813, 'staking': 1170914.0372949813}",,,,{},12693386.40975152,,,,False,,,,,,1170914.0372949813,,,,,,,,,,
1162,Friktion,,-,https://friktion.fi,"Friktion is a crypto-asset portfolio management platform, built to perform across market cycles. Volts, Friktion’s native structured products, offer sustainable income generation and volatility yield strategies. Designed for individuals and DAOs.",Solana,https://icons.llama.fi/friktion.png,0,,,,Options Vault,['Solana'],friktion/index.js,friktion_labs,,['Pyth'],1640906003.0,TVL is scraped from the window.friktionSnapshot variable in app.friktion.fi and saved to the GitHub repo at Friktion-Labs/mainnet-tvl-snapshots. The data is the same as what is displayed on the app,friktion,0.0,{'Solana': 0},,,,{},,,,,False,,['Friktion-Labs'],"[[1674838800, 'Sunset Protocol']]",,,,,,,,,,,,1674838800,
1393,Basis Markets,solana:Basis9oJw9j8cw53oMV7iqsgo6ihi9ALw4QR31rcjUJa,BASIS,https://basis.markets,"A decentralised liquidity pool owned by you, powered by our Basis Trade Engine. Next-level returns. Delta-neutral yield. Real-time insights.",Solana,https://icons.llama.fi/basis-markets.png,0,,basis-markets,15779,Dexes,['Solana'],basis-market/index.js,basismarkets,[],[],1644538201.0,TVL for basis market is staking for now,basis-markets,0.0,"{'Solana': 0, 'Solana-staking': 555219.0882890282, 'staking': 555219.0882890282}",,,,{},0.0,,,,False,,,,,,555219.0882890282,,,,,,Rust,,,,
1509,Solanax,solana:5v6tZ1SiAi7G8Qg4rBF1ZdAn4cn6aeQtefewMr1NLy61,SOLD,https://solanax.org,SOLANAX is a decentralized and non-custodial automated liquidity mechanism supporting trades within the Solana ecosystem,Solana,https://icons.llama.fi/solanax.png,0,,solanax,11297,Dexes,['Solana'],solanax.js,Solanaxorg,[],[],1646426734.0,TVL is fetched by making calls to the Solanax API (https://solanax.org/api/data/),solanax,0.0,{'Solana': 0},,,,{},61511.0190279728,,,,,,,,,,,,,,,True,,,,2023-02-09,
1537,Solrise Finance,solana:SLRSSpSLUTP7okbCUBYStWCo1vUgyt775faPqz8HUMr,SLRS,https://solrise.finance/,"A fully decentralized fund management and investment protocol. Choose a fund to invest in, or create your own with just a few clicks.",Solana,https://icons.llama.fi/solrise-finance.png,0,,solrise-finance,9989,Indexes,['Solana'],solrise-finance/index.js,SolriseFinance,[],['Pyth'],1647034707.0,,solrise-finance,0.0,"{'Solana': 0, 'Solana-staking': 0, 'staking': 0}",,,,{},80810.79669605123,,,[],,,,,,,0.0,,,,,True,,,,2023-01-01,
1751,Solily Protocol,solana:LiLyT885cG9xZKYQk9x6VWMzmcui4ueV9J1uzPDDajY,LILY,http://www.solily.io,Solily is a one-stop DeFi platform incorporating a variety of DeFi services into one ecosystem which aims to build a go-to DeFi platform for newcomers by providing more accessibility and capital efficiency to users.,Solana,https://icons.llama.fi/solily-protocol.png,0,,solily-protocol,20153,Yield,['Solana'],Solily/index.js,solilyio,[],[],1652126730.0,"website unreachable, twitter deleted",solily-protocol,0.0,{'Solana': 0},,,,{},0.0,,,,,,,"[[1655251200, 'Rug Pull']]",,,,,,,,,,,,1655251200,True
1826,Everlend,,-,https://everlend.finance,"Everlend is a lending and borrowing aggregator and optimizer built on Solana. Get the best rates on your liquidity and loans, always.",Solana,https://icons.llama.fi/everlend.png,0,,,,Lending,['Solana'],everlend/index.js,EverlendFinance,[],"['Switchboard', 'Pyth']",1655289558.0,,everlend,0.0,{'Solana': 0},,,,{},,,,,,,['everlend'],"[[1675209600, 'Product is winding down']]",,,,,,,,,,,,2023-02-01,
1836,Investin,solana:iVNcrNE9BRZBC9Aqf753iZiZfbszeAVUoikgT9yvr2a,IVN,https://investin.pro,"Decentralized Fund Management Protocol, enabling anyone to invest or start hedge funds in a trustless and secure environment on leading blockchains.",Solana,https://icons.llama.fi/investin.jpg,0,,investin,12265,Indexes,['Solana'],investin/index.js,Investin_pro,[],['Pyth'],1655548694.0,,investin,0.0,{'Solana': 0},,,,{},575281.5224381922,,,,,,['Investin-pro'],,,,,,,,,,,,,,
1841,Ratio Finance,solana:ratioMVg27rSZbSvBopUvsdrGUzeALUfFma61mpxc8J,RATIO,https://ratio.finance,"Ratio Finance is a Collateralized Debt Position platform that allows investors to extend the capabilities of their liquidity provisioning efforts by locking their assets into safe & secure vaults, minting USDr (Ratio Finance’s dynamically risk-adjusted stablecoin), and utilizing USDr within the Solana ecosystem.",Solana,https://icons.llama.fi/ratio-finance.png,0,,ratio-finance,18048,CDP,['Solana'],ratio-finance/index.js,RatioFinance,[],['Coingecko'],1655652176.0,To obtain the Ratio Finance TVL we make on-chain calls,ratio-finance,0.0,{'Solana': 0},,,,{},0.0,,,,,,,"[[1670025600, 'Private key compromised'], [1675728000, 'Announcement to move from Ratio to PHNX']]",,,,,,,['ratio-stable-coin'],,,,,1675728000,
1965,Drachma Exchange,solana:6jAHVBYY2B4dU6hGxXpCqFwHdjDL6aiLtTvJKn8fWRo1,DRA,https://drachma.exchange,The most powerful integrated exchange protocol,Solana,https://icons.llama.fi/drachma-exchange.jpg,2,,drachma-exchange,13753,Dexes,['Solana'],drachma-exchange/index.js,DrachmaExchange,[],[],1660135625.0,drachma exchange TVL is computed by looking at the balances of the accounts holding the tokens backing the drachma vault user. The data comes from https://drachma.exchange/pool.,drachma-exchange,0.0,{'Solana': 0},,,,{},,,,['https://github.com/solidproof/projects/blob/main/Drachma%20Exchange/SmartContract_Audit_Solidproof_DrachmaExchange.pdf'],,,,"[[1660392000, 'Rug Pull']]",,,,,,,,,,,,1660392000,True
1999,OptiFi,,-,https://www.optifi.app,OptiFi is an option DEX with portfolio margining and delta-neutral options market making vaults on Solana. The automatic options market maker (OMM) with a delta-neutral strategy allows all users to deposit USDC to generate yield while limiting delta risk by providing liquidity on OptiFi.,Solana,https://icons.llama.fi/optifi.jpg,2,,,,Options,['Solana'],optifi/index.js,OptifiLabs,[],['Pyth'],1661022636.0,,optifi,0.0,{'Solana': 0},,,,{},,,,['https://optifi.gitbook.io/optifi/security/audit-report'],,,,"[[1661817600, 'OptiFi mainnet program was closed by mistake']]",,,,,,,,True,,,True,2022-09-02,
2159,Amulet V1,solana:AMUwxPsqWSd1fbCGzWsrRKDcNoduuWMkdR38qPdit8G8,AMU,https://solana.amulet.org/,"Amulet V1 (Amulet) is a decentralized risk protection protocol (RPP) built for Rust-based ecosystems, starting with the Solana blockchain. Amulet has designed an innovative and open risk protection model which not only effectively addresses the common challenges of existing decentralized RPPs, but also creates a new paradigm shift for the whole risk protection sector. Amulet's vision is to offer Simple, Reliable Cover for everyone in Web3",Solana,https://icons.llama.fi/amulet-protocol.png,2,,,,Insurance,['Solana'],amulet-protocol/index.js,AmuletProtocol,[],[],1665048387.0,"Amulet provides solution which allows user to to earn rewards from underwriting covers with SOL derivatives token (amtSOL). Hence, the amount of SOL derivatives staked are counted as our TVL which the value are calculated based on the price get from Coingecko.",amulet-v1,0.0,{'Solana': 0},,,,{},,,,['https://files.amulet.org/public/AmuletGlobalMTRLabs.pdf'],,,,"[[1667692800, 'FTX collapse']]",parent#amulet,,,,,,,,,,,,
2574,HXRO Network,solana:HxhWkVpk5NS4Ltg5nij2G671CKXFRKPK8vy271Ub4uEK,HXRO,https://hxro.com,A core derivatives primitive built on Solana.,Solana,https://icons.llama.fi/hxro-network.png,2,,hxro,3748,Derivatives,['Solana'],hxro-network/index.js,HxroNetwork,[],"['Pyth', 'Jiritsu']",1677155712.0,,hxro-network,0.0,"{'Solana': 0, 'Solana-staking': 1267323.2303291382, 'staking': 1267323.2303291382}",,,,{},1934452.8847851914,,,['https://docs.hxro.network/hxro-token/staking-and-governance/15-9-2022-audit'],,,,,,True,1267323.2303291382,,,,,,,,,,
2575,Cypher,,-,https://app.cypher.trade,Building Disneyland for derivatives on Solana.,Solana,https://icons.llama.fi/cypher.jpg,0,,,,Derivatives,['Solana'],cypher-trade/index.js,cypher_protocol,[],['Pyth'],1677162923.0,,cypher,0.0,{'Solana': 0},,,,{},,,,,,,['chugach-foundation'],"[[1691373600, 'exploit/security incident']]",,,,,,,,,,,,,
3611,Friendzy,,-,https://friendzy.gg,Friendzy.gg is an easy-to-use platform where social media meets decentralized finance (DeFi).,Solana,https://icons.llama.fi/friendzy.jpg,0,,,,SoFi,['Solana'],friendzy-gg/index.js,Friendzygg_,[],,1696944488.0,,friendzy,0.0,{'Solana': 0},,,,{},,,,,,,,,,,,,,,,,,,,,
3971,PopFi,,-,https://www.popfi.io,"PopFi is a decentralized trading platform built on the Solana blockchain, specializing in perpetual futures and binary options. Leveraging the Pyth Oracle, PopFi provides accurate and reliable pricing, ensuring high levels of capital efficiency. The platform is distinguished by its use of synthetic leverages, allowing users to engage in trades with up to 200x leverage.",Solana,https://icons.llama.fi/popfi.jpg,2,,,,Derivatives,['Solana'],popfi/index.js,PopFi_io,[],['Pyth'],1703850808.0,,popfi,0.0,{'Solana': 0},,,,{},,,pop-fi.js,['https://github.com/DefiLlama/DefiLlama-Adapters/files/13788327/PEN-PDF_Popfi_Solana_Program_Audit_Final_Report_202312011501-1.pdf'],,,,,,,,,,,,,,,,,
3994,Solana Miner,,-,https://solanaminer.xyz/,"Solana Miner allows users to deposit $SOL for miner activation, with returns based on TVL and user strategy. Earnings are guided by a '6/1 strategy' and market-driven algorithms",Solana,https://icons.llama.fi/solana-miner.png,0,,,,Staking Pool,['Solana'],solana_miner/index.js,Solanaminer,[],[],1704728118.0,"Solana Miner is designed to provide a user-friendly mining experience, minimizing technical barriers and facilitating newcomers. Our product focuses not only on building a community but also on delivering passive income for investors. See more: https://solanaminer.xyz",solana-miner,0.0,{'Solana': 0},,,,{},,,,,,,,"[[1704834000, 'Rug Pull']]",,,,,,,,,,,True,1704834000,True
4022,Pyth Network,solana:HZ1JovNiVvGrGNiiYvEozEVgZ58xaU3RKwX8eACQBCt3,PYTH,https://pyth.network/,"Secure your smart contracts with reliable, low-latency market data from institutional sources. Build apps with high-fidelity oracle feeds designed for mission-critical systems.",Solana,https://icons.llama.fi/pyth-network.jpg,0,,pyth-network,28177,Oracle,['Solana'],pyth/index.js,PythNetwork,[],[],,,pyth-network,0.0,"{'Solana': 0, 'Solana-staking': 435839842.2100128, 'staking': 435839842.2100128}",,,,{},1412421262.490497,,,,,,['pyth-network'],,,,435839842.2100128,,,,,,,,,,
4324,Armada Staking,,-,https://armadafi.so,Armada staking is an open sourced protocol that allows Solana projects to add staking to their tokenomics with minimal effort. It is part of a suite of tooling that allows projects to focus on their core product instead of building token mechanisms.,Solana,https://icons.llama.fi/armada-staking.jpg,0,,,,Farm,['Solana'],armada-staking/index.js,ArmadaFi,[],[],1710856979.0,,armada-staking,0.0,"{'Solana': 0, 'Solana-staking': 164822487.29101387, 'staking': 164822487.29101387}",,,,{},,,,,,,['mithraiclabs'],,,,164822487.29101387,,,,,,,,,,
4837,Step Finance,solana:StepAscQoEioFxxWGnh2sLBDFp9d8rvKz2Yp39iDpyT,STEP,https://step.finance/,"STEP tokens staked in Step Finance, which tracks wallet positions and enables on-chain actions like staking, sending, swapping, and compounding",Solana,https://icons.llama.fi/step-finance.png,0,,step-finance,9443,Services,['Solana'],step-finance/index.js,StepFinance_,[],[],1719987997.0,,step-finance,0.0,"{'Solana': 0, 'Solana-staking': 10498455.603900006, 'staking': 10498455.603900006}",,,,{},23095593.33301757,,,,,,,,,,10498455.603900006,,,,,,,,,,
5039,TAOlie,2zE5rJ2ctXMz9hVbk1AvJa78X7mh3kuR728SNzGXTEeu,TAOlie,https://taolie.ai/,"TAOlie is a leading DePIN player on the Solana ecosystem, offering One-Click Bittensor Mining and a Decentralized Compute Marketplace Utility. Committed to democratizing access to decentralized compute power, TAOlie enables incentivized machine learning for everyone through effortless 1-click deployment from our platform",Solana,https://icons.llama.fi/taolie.png,2,,taolie-coin,,Services,['Solana'],taoline/index.js,TAOlie_SOL,[],[],1724519313.0,,taolie,0.0,"{'Solana': 0, 'Solana-staking': 0.40676638000000004, 'staking': 0.40676638000000004}",,,,{},0.0,,,['https://www.cyberscope.io/audits/taoliedepin'],,,,,,,0.40676638000000004,,,,,,,,,,
